id.establecimientos;razon.social;nombre.sucursal;direccion;ccz;barrio;cajas;cadena;long;lat;ciudad;depto;id.depto;localidad;superficie (m2)
1;CAFITUR S.A.;Expres 2;AVDA. MILLAN 2683;16;Reducto;2;Sin Cadena;-34,8765665;-56,1897221;Montevideo;Montevideo;1;1020;280
2;Distren S.A.;Super Expres 6;Conciliación 3910;14;La Teja;3;Red Expres;-34,86483197;-56,22046689;Montevideo;Montevideo;1;1020;340
3;Distren S.A.;Super Expres 7;Carlos Maria Ramirez 186;14;Belvedere;3;Red Expres;-34,8608486;-56,2270262;Montevideo;Montevideo;1;1020;295
4;Distren S.A.;Expres 1;Dr. Martín Berinduague 870;14;La Teja;5;Red Expres;-34,86902142;-56,23155956;Montevideo;Montevideo;1;1020;480
5;Daltiro S.A.;El Clon - Comercio;Avda. 8 de Octubre 3631;6;Unión;3;El Clon;-34,876518;-56,1456047;Montevideo;Montevideo;1;1020;NULL
6;Gadonur S.A.;El Clon - Gaboto;Avda. 18 de Julio 1751;2;Cordón;3;El Clon;-34,9027945;-56,1806478;Montevideo;Montevideo;1;1020;NULL
7;DALTIRO S.A.;El Clon - Viana;8 DE OCTUBRE 3722;6;Unión;3;El Clon;-34,875543;-56,143307;Montevideo;Montevideo;1;1020;NULL
8;NAFITAL S.A.;El Clon - Vazquez;VAZQUEZ 1388;2;Cordón;3;El Clon;-34,9051578;-56,1853576;Montevideo;Montevideo;1;1020;NULL
9;Satilán S.A.;El Clon - Paso Molino;Avda. Agraciada 4132;14;Paso Molino;3;El Clon;-34,8576189;-56,2204897;Montevideo;Montevideo;1;1020;NULL
10;DALTIRO S.A.;El Clon - Palacio ;GRAL. FLORES 2075;3;Aguada;3;El Clon;-34,8896264;-56,189078;Montevideo;Montevideo;1;1020;NULL
11;SATILAN S.A.;El Clon - Las Piedras ;AV.ARTIGAS 699;NULL;Interior;4;El Clon;-34,7261696;-56,2157332;Las Piedras;Canelones;3;3221;NULL
12;DALTIRO S.A.;El Clon - Cerro ;CARLOS MA. RAMIREZ 1659;17;Cerro ;5;El Clon;-34,8741386;-56,2528854;Montevideo;Montevideo;1;1020;NULL
13;DALTIRO S.A.;El Clon - Requena ;18 DE JULIO 2075;2;Cordón;6;El Clon;-34,8996132;-56,1726323;Montevideo;Montevideo;1;1020;NULL
14;Landera S.A.;El Clon - Maldonado ;Roman Guerra s/n y 25 de Mayo;NULL;Interior;8;El Clon;-34,92489;-54,9631206;Maldonado;Maldonado;10;10320;10
15;Devoto Hermanos S.A.;Devoto - SAN MARTIN;Avda. Gral. San Martín 3709;15;Cerrito;4;Devoto;-34,8568464;-56,1776328;Montevideo;Montevideo;1;1020;NULL
16;Supermercados Disco del Uruguay S.A.;Disco - OBLIGADO;Obligado 968;5;Pocitos;4;Disco;-34,91329641;-56,16001434;Montevideo;Montevideo;1;1020;NULL
17;Devoto Hermanos S.A.;Devoto - SUAREZ;Avda. Joaquín Suárez 3458;15;Prado ;5;Devoto;-34,86447251;-56,1958846;Montevideo;Montevideo;1;1020;NULL
18;Devoto Hermanos S.A.;Devoto - BRISAS;Avda. Gral. Rivera 4502;7;Malvín;5;Devoto;-34,89323573;-56,11592848;Montevideo;Montevideo;1;1020;NULL
19;Supermercados Disco del Uruguay S.A.;Disco - FERNANDEZ CRESPO;Avda. Daniel Fernández Crespo 1727;2;Cordón;5;Disco;-34,89896665;-56,17763679;Montevideo;Montevideo;1;1020;NULL
20;Devoto Hermanos S.A.;Devoto - SHANGRILA;Avda. Calcagno s/n;NULL;Interior;6;Devoto;-34,84985469;-55,9997063;Ciudad de la Costa;Canelones;3;3831;NULL
21;Devoto Hermanos S.A.;Devoto - LAS PIEDRAS;Juan A. Lavalleja 671;NULL;Interior;6;Devoto;-34,7287524;-56,21701027;Las Piedras;Canelones;3;3221;NULL
22;Devoto Hermanos S.A.;Devoto - GRAL.PAZ;Avda. Gral. José María Paz 1404;7;Punta Gorda;6;Devoto;-34,8937242;-56,0821618;Montevideo;Montevideo;1;1020;NULL
23;Supermercados Disco del Uruguay S.A.;Disco - CANELONES;Florencio Sánchez 729;NULL;Interior;7;Disco;-34,5215452;-56,2814063;Canelones;Canelones;3;3320;NULL
24;Devoto Hermanos S.A.;Devoto - COLON;Avda. Garzón 1945;12;Colón ;7;Devoto;-34,8050739;-56,224982;Montevideo;Montevideo;1;1020;NULL
25;Supermercados Disco del Uruguay S.A.;Disco - MARCELINO SOSA;Cnel. Marcelino Sosa 2706;3;Reducto;7;Disco;-34,87772607;-56,18114769;Montevideo;Montevideo;1;1020;NULL
26;Devoto Hermanos S.A.;Devoto - CARRASCO;Avda. Bolivia 1413;8;Carrasco;7;Devoto;-34,89318783;-56,06646145;Montevideo;Montevideo;1;1020;NULL
27;Supermercados Disco del Uruguay S.A.;Disco - AYACUCHO;Ayacucho 3370;4;Parque Batlle;7;Disco;-34,89437326;-56,14469715;Montevideo;Montevideo;1;1020;NULL
28;Devoto Hermanos S.A.;Devoto - LAS PIEDRAS II;Enrique Pouey Nº 624;NULL;Interior;8;Devoto;-34,72813293;-56,22377773;Las Piedras;Canelones;3;3221;NULL
29;Supermercados Disco del Uruguay S.A.;Disco - CAMINO MALDONADO;Avda. Brig. Gral. Lavalleja 7722;9;Punta de Rieles ;8;Disco;-34,80409052;-56,08900423;Montevideo;Montevideo;1;1020;NULL
30;Supermercados Disco del Uruguay S.A.;Disco - BARRIOS AMORIN;Dr. Javier Barrios Amorín 859;2;Palermo;8;Disco;-34,91423613;-56,18385608;Montevideo;Montevideo;1;1020;NULL
31;Devoto Hermanos S.A.;Devoto - 8 DE OCTUBRE;Avda. 8 de Octubre 3621;6;Unión;9;Devoto;-34,87670222;-56,14369868;Montevideo;Montevideo;1;1020;NULL
32;Supermercados Disco del Uruguay S.A.;Disco - SOLANO LOPEZ;Avda. Mcal. Francisco Solano López 1680;7;Buceo;9;Disco;-34,89184451;-56,12514287;Montevideo;Montevideo;1;1020;NULL
33;Devoto Hermanos S.A.;Devoto - RAMBLA;Rbla. de los Argentinos esq, Santiago Vásquez;NULL;Interior;9;Devoto;-34,8564118;-55,29201897;Piriápolis;Maldonado;10;10523;NULL
34;Supermercados Disco del Uruguay S.A.;Disco - MEDANOS;Avda. Ing. Luis Giannattasio Km. 27.500;NULL;Interior;10;Disco;-34,80727807;-55,93165618;Ciudad de la Costa;Canelones;3;3831;NULL
35;Supermercados Disco del Uruguay S.A.;Disco - CURVA DE MAROÑAS;Avda. 8 de Octubre 4786;9;Maroñas;10;Disco;-34,85719975;-56,13298373;Montevideo;Montevideo;1;1020;NULL
36;Devoto Hermanos S.A.;Devoto - ARENAL GRANDE;Arenal Grande 2006;2;Cordón;10;Devoto;-34,88451715;-56,17881701;Montevideo;Montevideo;1;1020;NULL
37;Supermercados Disco del Uruguay S.A.;Disco - CHUCARRO;Alejandro Chucarro 1320;5;Pocitos;10;Disco;-34,90922435;-56,14446174;Montevideo;Montevideo;1;1020;NULL
38;Supermercados Disco del Uruguay S.A.;Disco - CALLE MALDONADO;Maldonado 1024;1;Barrio Sur;10;Disco;-34,91005035;-56,1937878;Montevideo;Montevideo;1;1020;NULL
39;Devoto Hermanos S.A.;Devoto - CORONEL MORA;Coronel Mora 596;5;Punta Carretas;10;Devoto;-34,91945755;-56,15767192;Montevideo;Montevideo;1;1020;NULL
40;Devoto Hermanos S.A.;Devoto - SAN QUINTIN;San Quintín 4376;14;Belvedere;11;Devoto;-34,85267694;-56,2231486;Montevideo;Montevideo;1;1020;NULL
41;Devoto Hermanos S.A.;Devoto - STA.MONICA;Avda. Italia 6958;8;Carrasco;11;Devoto;-34,87743837;-56,05741208;Montevideo;Montevideo;1;1020;NULL
42;Supermercados Disco del Uruguay S.A.;Disco - LEGRAND;Avda. Enrique Legrand 5085;7;Malvín;11;Disco;-34,89012831;-56,09804228;Montevideo;Montevideo;1;1020;NULL
43;Devoto Hermanos S.A.;Devoto - MALVIN;Hipólito Yrigoyen 1444;7;Malvín;11;Devoto;-34,89487376;-56,10767852;Montevideo;Montevideo;1;1020;NULL
44;Supermercados Disco del Uruguay S.A.;Disco - 20 DE SETIEMBRE;20 de Setiembre 1479;4;Parque Batlle ;11;Disco;-34,90041756;-56,16286006;Montevideo;Montevideo;1;1020;NULL
45;Supermercados Disco del Uruguay S.A.;Disco - ARENAL GRANDE;Arenal Grande 1376;2;Cordón;11;Disco;-34,90282638;-56,1730281;Montevideo;Montevideo;1;1020;NULL
46;Supermercados Disco del Uruguay S.A.;Disco - SOCA;Avda. Dr. Francisco Soca 1318;5;Pocitos;11;Disco;-34,90559329;-56,15479361;Montevideo;Montevideo;1;1020;NULL
47;Supermercados Disco del Uruguay S.A.;Disco - SOLYMAR;Avda. Ing. Luis Giannattasio Km. 23.500;NULL;Interior;12;Disco;-34,82540479;-55,96452273;Ciudad de la Costa;Canelones;3;3831;NULL
48;Supermercados Disco del Uruguay S.A.;Disco - EJIDO;Ejido 1530;2;Centro;12;Disco;-34,90222682;-56,18702525;Montevideo;Montevideo;1;1020;NULL
49;Supermercados Disco del Uruguay S.A.;Disco - ROOSEVELT;Avda. Roosevelt y Zelmar Michelini;NULL;Interior;12;Disco;-34,91408137;-54,96142589;Punta del Este;Maldonado;10;10320;NULL
50;Supermercados Disco del Uruguay S.A.;Disco - PARADA 5;Pedragosa Sierra y Av. Italia (parada 5);NULL;Interior;12;Disco;-34,94305492;-54,93227366;Punta del Este;Maldonado;10;10524;NULL
51;Supermercados Disco del Uruguay S.A.;Disco - ATLANTIDA;Avda. Gral. Artigas entre 22 y 24;NULL;Interior;13;Disco;-34,77203396;-55,76235147;Atlántida;Canelones;3;3621;NULL
52;Devoto Hermanos S.A.;Devoto - 26 DE MARZO;26 de Marzo 1386;5;Pocitos;13;Devoto;-34,90791912;-56,14607934;Montevideo;Montevideo;1;1020;NULL
53;Supermercados Disco del Uruguay S.A.;Disco - SCOSERIA;Scoseria 2628;5;Pocitos;13;Disco;-34,9153555;-56,15548036;Montevideo;Montevideo;1;1020;NULL
54;Supermercados Disco del Uruguay S.A.;Disco - DE LA PUNTA;Calle 17 y 24;NULL;Interior;13;Disco;-34,96622428;-54,94629701;Punta del Este;Maldonado;10;10524;NULL
55;Devoto Hermanos S.A.;Devoto - PANDO;Juan A. Lavalleja Km 30 Ruta 8;NULL;Interior;14;Devoto;-34,72990601;-55,9715858;Pando;Canelones;3;3322;NULL
56;Supermercados Disco del Uruguay S.A.;Disco - AGRACIADA;Avda. Agraciada 2986;16;Bella Vista;15;Disco;-34,87585413;-56,19864349;Montevideo;Montevideo;1;1020;NULL
57;Devoto Hermanos S.A.;Devoto - AGRACIADA;Avda. Agraciada 3655;16;Prado;16;Devoto;-34,86497537;-56,20974186;Montevideo;Montevideo;1;1020;NULL
58;Supermercados Disco del Uruguay S.A.;Disco - 8 DE OCTUBRE Y GARIBALDI;Avda. 8 de Octubre 2681;4;La Blanqueada;17;Disco;-34,8894923;-56,16024425;Montevideo;Montevideo;1;1020;1460
59;Devoto Hermanos S.A.;Devoto - SAN MARTIN II;Avda. Gral. San Martín 3083;11;Atahualpa;20;Devoto;-34,86977972;-56,18203013;Montevideo;Montevideo;1;1020;NULL
60;Devoto Hermanos S.A.;Devoto - PORTONES;Avda. Italia 5779;8;Carrasco;20;Devoto;-34,88218541;-56,08218073;Montevideo;Montevideo;1;1020;NULL
61;Supermercados Disco del Uruguay S.A.;Disco - PUNTA CARRETAS;José Ellauri 350 Local 002;5;Punta Carretas;22;Disco;-34,92405523;-56,15998071;Montevideo;Montevideo;1;1020;NULL
62;Devoto Hermanos S.A.;Devoto - PUNTA DEL ESTE;Roosevelt y Parada 10;NULL;Interior;26;Devoto;-34,93606671;-54,93775946;Punta del Este;Maldonado;10;10524;NULL
63;Supermercados Disco del Uruguay S.A.;Disco - AV. ITALIA;Magariños Cervantes Nº 2052;6;Buceo;27;Disco;-34,887486;-56,1437407;Montevideo;Montevideo;1;1020;NULL
64;Devoto Hermanos S.A.;Devoto - HIPER PIRIAPOLIS;Piria y Buenos Aires;NULL;Interior;27;Devoto;-34,86549145;-55,27038576;Piriápolis;Maldonado;10;10523;NULL
65;Devoto Hermanos S.A.;Devoto - SAYAGO;Camino Ariel 4626;13;Sayago;29;Devoto;-34,83638996;-56,21149212;Montevideo;Montevideo;1;1020;NULL
66;Ta Ta S.A.;Ta - Ta - Florida;Independencia 666;NULL;Interior;3;Ta - Ta;-34,09827705;-56,21565646;Florida;Florida;8;8220;NULL
67;Ta Ta S.A.;Ta - Ta - Goes;Avda. Gral. Flores 2569/71;3;Goes;3;Ta - Ta;-34,88037673;-56,18172176;Montevideo;Montevideo;1;1020;NULL
68;Ta Ta S.A.;Ta - Ta - Cerro;Grecia 3396;17;Cerro;3;Ta - Ta;-34,89035879;-56,24788098;Montevideo;Montevideo;1;1020;NULL
69;Ta Ta S.A.;Ta - Ta - San José;Asamblea  620;NULL;Interior;3;Ta - Ta;-34,33996066;-56,71293279;San José de Mayo;San José;16;16220;NULL
70;Ta Ta S.A.;Ta - Ta - Melo;Aparicio Saravia 665;NULL;Interior;4;Ta - Ta;-32,369228;-54,16912088;Melo;Cerro Largo;4;4220;NULL
71;Ta Ta S.A.;Ta - Ta - Malvín Norte;Piran 2101;8;Malvín;4;Ta - Ta;-34,8745169;-56,1223416;Montevideo;Montevideo;1;1020;NULL
72;Ta Ta S.A.;Ta - Ta - Pando;Avda. Gral. Artigas 851;NULL;Interior;4;Ta - Ta;-34,717023;-55,96221554;Pando;Canelones;3;3322;NULL
73;Ta Ta S.A.;Ta - Ta - Artigas;Bernabé Rivera  269;NULL;Interior;5;Ta - Ta;-30,39981984;-56,46589301;Artigas;Artigas;2;2220;NULL
74;Ta Ta S.A.;Ta - Ta - Durazno;18 de Julio 580;NULL;Interior;5;Ta - Ta;-33,37924226;-56,52223948;Durazno;Durazno;6;6220;NULL
75;Ta Ta S.A.;Ta - Ta - Colón;Avda. Garzón 1952;12;Colón ;5;Ta - Ta;-34,80447919;-56,22252959;Montevideo;Montevideo;1;1020;NULL
76;Ta Ta S.A.;Ta - Ta - Portones;Avda. Italia 5757;8;Carrasco;5;Ta - Ta;-34,88220508;-56,08223564;Montevideo;Montevideo;1;1020;NULL
77;Superstar Ltda.;Ta - Ta - Hiper Plaza Ss;Leandro Gómez esq. Zelmar Michelini (Z. Michelini 911);NULL;Interior;5;Ta - Ta;-32,31643682;-58,09558874;Paysandú;Paysandú;11;11120;NULL
78;Ta Ta S.A.;Ta - Ta - Young;18 de Julio 1923;NULL;Interior;5;Ta - Ta;-32,6996292;-57,6287617;Young;Río Negro;12;12421;NULL
79;Ta Ta S.A.;Ta - Ta - Fray Bentos;18 de Julio 1625;NULL;Interior;6;Ta - Ta;-33,12115054;-58,30647655;Fray Bentos;Río Negro;12;12320;NULL
80;Ta Ta S.A.;Ta - Ta - Unión;Avda. 8 de Octubre 3723;6;Unión;6;Ta - Ta;-34,87531947;-56,14131826;Montevideo;Montevideo;1;1020;NULL
81;Superstar Ltda.;Ta - Ta - Hiper Norte Ss;Zorrilla de San Martín 1705;NULL;Interior;6;Ta - Ta;-32,30229708;-58,07829654;Paysandú;Paysandú;11;11120;NULL
82;Ta Ta S.A.;Ta - Ta - Rosario;Artigas 200;NULL;Interior;6;Ta - Ta;-34,316172;-57,356172;Rosario;Colonia;5;5422;NULL
83;Ta Ta S.A.;Ta - Ta -Hiper Colonia;Avda. Roosevelt y Luis Casanello;NULL;Interior;7;Ta - Ta;-34,46590035;-57,83459086;Colonia del Sacramento;Colonia;5;5320;NULL
84;Ta Ta S.A.;Ta - Ta - Juan Lacaze;Jose Salvo 100;NULL;Interior;7;Ta - Ta;-34,4368371;-57,4376265;Juan Lacaze;Colonia;5;5323;NULL
85;Ta Ta S.A.;Ta - Ta - Hiper Las Piedras;Avda. Gral. Artigas 810;NULL;Interior;7;Ta - Ta;-34,72718148;-56,22376272;Las Piedras;Canelones;3;3221;NULL
86;Ta Ta S.A.;Ta - Ta - Hiper Melo;Villanueva Saravia 777;NULL;Interior;7;Ta - Ta;-32,35674232;-54,1650241;Melo;Cerro Largo;4;4220;NULL
87;Ta Ta S.A.;Ta - Ta - Hiper Mercedes;Artigas y Rodó;NULL;Interior;7;Ta - Ta;-33,25008096;-58,02999503;Mercedes;Soriano;17;17220;NULL
88;Ta Ta S.A.;Ta - Ta - Minas;18 de Julio  620;NULL;Interior;7;Ta - Ta;-34,37704023;-55,23705664;Minas;Lavalleja;9;9220;NULL
89;Ta Ta S.A.;Ta - Ta - 18 de Julio;Avda. 18 de Julio 1280;1;Centro;7;Ta - Ta;-34,90588074;-56,1884683;Montevideo;Montevideo;1;1020;NULL
90;Ta Ta S.A.;Ta - Ta - Centro;Avda. 18 de Julio 880;1;Centro;7;Ta - Ta;-34,9065197;-56,19747883;Montevideo;Montevideo;1;1020;NULL
91;Ta Ta S.A.;Ta - Ta - Paysandú;18 deJulio1128;NULL;Interior;7;Ta - Ta;-32,31720503;-58,08288566;Paysandú;Paysandú;11;11120;100
92;Ta Ta S.A.;Ta - Ta - Hiper Canelones;José Batlle y Ordoñes 960;NULL;Interior;8;Ta - Ta;-34,51714088;-56,28118885;Canelones;Canelones;3;3320;NULL
93;Ta Ta S.A.;Ta - Ta -Hiper  Carmelo;Zorrilla de San Martin 278;NULL;Interior;8;Ta - Ta;-33,9993896;-58,2883458;Carmelo;Colonia;5;5321;NULL
94;Ta Ta S.A.;Ta - Ta - Paso Molino;Avda. Agraciada 4214;14;Paso Molino;8;Ta - Ta;-34,85626027;-56,21987448;Montevideo;Montevideo;1;1020;NULL
95;Superstar Ltda.;Ta - Ta -Hiper Shopping;Luis A. de Herrera 925;NULL;Interior;8;Ta - Ta;-32,31817282;-58,08311064;Paysandú;Paysandú;11;11120;NULL
96;Ta Ta S.A.;Ta - Ta - Hiper Paysandú;Rep. Argentina 1680;NULL;Interior;8;Ta - Ta;-32,3186309;-58,07066348;Paysandú;Paysandú;11;11120;100
97;Ta Ta S.A.;Ta - Ta - Rocha;Gral Artigas 221;NULL;Interior;8;Ta - Ta;-34,4837741;-54,3337119;Rocha;Rocha;14;14320;NULL
98;Ta Ta S.A.;Ta - Ta - Hiper Tacuarembó 2;Joaquín Suarez 259;NULL;Interior;8;Ta - Ta;-31,71252253;-55,97836308;Tacuarembó;Tacuarembó;18;18220;NULL
99;Ta Ta S.A.;Ta - Ta - Hiper Trinidad;Pte. Berro y J. Batlle y Ordoñez (Pte. Berro 474);NULL;Interior;8;Ta - Ta;-33,51881855;-56,89555368;Trinidad;Flores;7;7320;NULL
100;Ta Ta S.A.;Ta - Ta - Hiper Artigas;Luis Alberto de Herrera 539;NULL;Interior;9;Ta - Ta;-30,40545839;-56,46335985;Artigas;Artigas;2;2220;NULL
101;Ta Ta S.A.;Ta - Ta - Hiper Salto ;19 de Abril y  Soca;NULL;Interior;9;Ta - Ta;-31,38540957;-57,96345507;Salto;Salto;15;15120;NULL
102;Ta Ta S.A.;Ta - Ta - San Carlos;Carlos Alberto Cal 738;NULL;Interior;9;Ta - Ta;-34,7929884;-54,9207713;San Carlos;Maldonado;10;10321;NULL
103;Ta Ta S.A.;Ta - Ta - Treinta y Tres;Juan Antonio Lavalleja 1774;NULL;Interior;9;Ta - Ta;-33,225326;-54,3901664;Treinta y Tres;Treinta y Tres;19;19220;NULL
104;Ta Ta S.A.;Ta - Ta - Cordón;Avda. 18 de Julio1593;2;Cordón;10;Ta - Ta;-34,90407047;-56,18199884;Montevideo;Montevideo;1;1020;NULL
105;Superstar Ltda.;Ta - Ta - Hipersuperstar;Bvar. Artigas Esq. Washington (Washington 1673);NULL;Interior;10;Ta - Ta;-32,31509968;-58,07008748;Paysandú;Paysandú;11;11120;NULL
106;Ta Ta S.A.;Ta - Ta - Hiper Rivera;Sarandí 950;NULL;Interior;10;Ta - Ta;-30,9063819;-55,53965908;Rivera;Rivera;13;13220;NULL
107;Polakof  y Cía.  S.A.;El Dorado - Biarritz;Urbanización Biarritz;NULL;Interior;1;El Dorado;-34,8901087;-54,94368781;Maldonado;Maldonado;10;10320;114
108;Polakof  y Cía.  S.A.;El Dorado - Aiguá;Gral. de la Llana y M. Muniz;NULL;Interior;2;El Dorado;-34,20195102;-54,76679261;Aiguá;Maldonado;10;10521;226
109;Polakof  y Cía.  S.A.;El Dorado - Chuy;Arachanes 559;NULL;Interior;2;El Dorado;-33,69322015;-53,45540749;Chuy;Rocha;14;14521;305
110;Polakof  y Cía.  S.A.;El Dorado - La Pedrera;Ruta 10 Y calle Principal;NULL;Interior;2;El Dorado;-34,59084857;-54,12378425;La Pedrera;Rocha;14;14942;NULL
111;Polakof  y Cía.  S.A.;El Dorado - Solanas;Ruta10 Km. 127.500;NULL;Interior;2;El Dorado;-34,88034983;-55,05032954;Maldonado;Maldonado;10;10969;143
112;Polakof  y Cía.  S.A.;El Dorado - Cerro Pelado;Cuchilla de la India Muerta y Tpanbaé;NULL;Interior;2;El Dorado;-34,8828614;-54,97470354;Maldonado;Maldonado;10;10320;190
113;Polakof  y Cía.  S.A.;El Dorado - Lausana;Acuario y Manolo Lima;NULL;Interior;2;El Dorado;-34,88449198;-54,977229;Maldonado;Maldonado;10;10320;119
114;Polakof  y Cía.  S.A.;El Dorado - Camino de los Gauchos;Av. De Los Gauchos y Celedonio Rojas ;NULL;Interior;2;El Dorado;-34,90089817;-54,94392757;Maldonado;Maldonado;10;10320;133
115;Polakof  y Cía.  S.A.;El Dorado - Tobias Polakof;Tobias Polakof 1031 y Joaquin de Viana;NULL;Interior;2;El Dorado;-34,90924328;-54,96376791;Maldonado;Maldonado;10;10320;153
116;Polakof  y Cía.  S.A.;El Dorado - Punta Colorada;Avda. Calle Central entre calles  6 y 7;NULL;Interior;2;El Dorado;-34,90153809;-55,25670274;Piriápolis;Maldonado;10;10523;10
117;Polakof  y Cía.  S.A.;El Dorado - Treinta y Tres Obelisco;Enrique Rodó 1559;NULL;Interior;2;El Dorado;-33,22808828;-54,37859324;Treinta y Tres;Treinta y Tres;19;19220;429
118;Polakof  y Cía.  S.A.;El Dorado - Solís;Avda. Barreiro Pda. 28;NULL;Interior;3;El Dorado;-34,78951211;-55,37694236;Balneario Solís;Maldonado;10;10828;257
119;Polakof  y Cía.  S.A.;El Dorado - Cuchilla Alta;Avda. Agustín Pons S/N entre Rambla 33 y Canelones;NULL;Interior;3;El Dorado;-34,79662349;-55,49485429;Cuchilla Alta;Canelones;3;3935;10
120;Polakof  y Cía.  S.A.;El Dorado - Las Piedras;Gral. Flores 609;NULL;Interior;3;El Dorado;-34,72788381;-56,21585865;Las Piedras;Canelones;3;3221;269
121;Polakof  y Cía.  S.A.;El Dorado - Lascano;25 de Agosto y Rincón;NULL;Interior;3;El Dorado;-33,67438544;-54,20609267;Lascano;Rocha;14;14422;317
122;Polakof  y Cía.  S.A.;El Dorado - Boulevar;Tacuarembó y Bvar. Artigas;NULL;Interior;3;El Dorado;-34,91511706;-54,94480493;Maldonado;Maldonado;10;10320;448
123;Polakof  y Cía.  S.A.;El Dorado - Minas 3;18 de Julio y Claudio Williman;NULL;Interior;3;El Dorado;-34,37489226;-55,24036001;Minas;Lavalleja;9;9220;379
124;Polakof  y Cía.  S.A.;El Dorado - Simón del Pino;Simón del Pino y Misiones;NULL;Interior;3;El Dorado;-34,85924269;-55,277325;Piriápolis;Maldonado;10;10523;214
125;Polakof  y Cía.  S.A.;El Dorado - Treinta y Tres El Arco;Manuel Meléndez 852 esq. Juan Rosas;NULL;Interior;3;El Dorado;-33,22944446;-54,38261002;Treinta y Tres;Treinta y Tres;19;19220;172
126;Polakof  y Cía.  S.A.;El Dorado - Mercado Velazquez;Avda. Batlle y Ordoñez y Mitre;NULL;Interior;4;El Dorado;-34,89853795;-54,95389921;Maldonado;Maldonado;10;10320;369
127;Polakof  y Cía.  S.A.;El Dorado - Minas Avenida;Luis A. de Herrera  515;NULL;Interior;4;El Dorado;-34,37279248;-55,24357249;Minas;Lavalleja;9;9220;455
128;Polakof  y Cía.  S.A.;El Dorado - Gorlero;Calle 29 y Gorlero;NULL;Interior;4;El Dorado;-34,95999947;-54,94127259;Punta del Este;Maldonado;10;10524;202
129;Polakof  y Cía.  S.A.;El Dorado - Parada 2;Av. Francia entre Vaz Ferreira y Lenzina;NULL;Interior;4;El Dorado;-34,9532227;-54,9389274;Punta del Este;Maldonado;10;10524;240
130;Polakof  y Cía.  S.A.;El Dorado - La Barra;Ruta 10 Km. 160.10;NULL;Interior;5;El Dorado;-34,9086191;-54,86736565;Barra de Maldonado;Maldonado;10;10942;266
131;Polakof  y Cía.  S.A.;El Dorado - La Paloma;Solari esq. Sirio;NULL;Interior;5;El Dorado;-34,66434558;-54,15560948;La Paloma;Rocha;14;14722;235
132;Polakof  y Cía.  S.A.;El Dorado - Punta del Este Virazon;Virazon;NULL;Interior;5;El Dorado;-34,90796516;-54,94891351;Punta del Este;Maldonado;10;10524;350
133;Polakof  y Cía.  S.A.;El Dorado - Minas Centro;Morales Arrillaga 757;NULL;Interior;5;El Dorado;-34,37417286;-55,23424515;Minas;Lavalleja;9;9220;582
134;Polakof  y Cía.  S.A.;El Dorado - Mercado Pan de Azúcar;Félix de Lizarza 775;NULL;Interior;5;El Dorado;-34,77995427;-55,22845428;Pan de Azúcar;Maldonado;10;10522;507
135;Polakof  y Cía.  S.A.;El Dorado - San Carlos Avenida;Ceberio y Rincón;NULL;Interior;5;El Dorado;-34,79540196;-54,92222562;San Carlos;Maldonado;10;10321;497
136;Polakof  y Cía.  S.A.;El Dorado - La Balconada;Av. Sagitario Esquina Alfa;NULL;Interior;6;El Dorado;-34,6593147;-54,1697994;La Paloma;Rocha;14;14722;313
137;Polakof  y Cía.  S.A.;El Dorado - Super Eco Lussich;Camino Lussich y Medina;NULL;Interior;6;El Dorado;-34,8991043;-54,96720539;Maldonado;Maldonado;10;10320;982
138;Polakof  y Cía.  S.A.;El Dorado - Piria;Av. Piria y Tucumán;NULL;Interior;6;El Dorado;-34,86899766;-55,27315934;Piriápolis;Maldonado;10;10523;829
139;Polakof  y Cía.  S.A.;El Dorado - Río Branco;José H. Uriarte y Virrey Arredondo;NULL;Interior;6;El Dorado;-32,58116917;-53,37591628;Río Branco;Cerro Largo;4;4522;586
140;Polakof  y Cía.  S.A.;El Dorado - San Carlos Centro;25 de Agosto y  Sarandí;NULL;Interior;6;El Dorado;-34,79101284;-54,91311283;San Carlos;Maldonado;10;10321;533
141;Polakof  y Cía.  S.A.;El Dorado - Treinta y Tres Centro;Basilio Araujo 1067;NULL;Interior;6;El Dorado;-33,23295056;-54,38768007;Treinta y Tres;Treinta y Tres;19;19220;669
142;Polakof  y Cía.  S.A.;El Dorado - Mercado 18;Dodera 882;NULL;Interior;10;El Dorado;-34,9071442;-54,96037308;Maldonado;Maldonado;10;10320;1045
143;Polakof  y Cía.  S.A.;El Dorado - Santa Lucía;Av. Rivera y Dr. Mateo Legnani;NULL;Interior;10;El Dorado;-34,4498343;-56,3982732;Santa Lucía;Canelones;3;3323;744
144;Ta Ta S.A.;Ta - Ta - Tres Cruces;Bvar. Gral. Artigas 1867;2;Tres Cruces;11;Ta - Ta;-34,89641173;-56,16508872;Montevideo;Montevideo;1;1020;NULL
145;Polakof  y Cía.  S.A.;El Dorado - Melo;Luis A. De Herrera y Justino Muniz;NULL;Interior;8;El Dorado;-32,3694805;-54,1697456;Melo;Cerro Largo;4;4220;716
146;Macromercado Mayorista S.A.;Macromercado Mayorista - Camino Maldonado / Punta Rieles;Camino Maldonado 6783;9;Punta de Rieles ;10;Macromercado Mayorista;-34,82459384;-56,10209434;Montevideo;Montevideo;1;1020;972
147;Macromercado Mayorista S.A.;Macromercado Mayorista - Paso de la Arena;Avda. Luis Batlle Berres 6149;18;Paso de la Arena;12;Macromercado Mayorista;-34,84614233;-56,25001131;Montevideo;Montevideo;1;1020;1679
148;Macromercado Mayorista S.A.;Macromercado Mayorista - La Teja;Avda. Dr. Carlos Ma. Ramírez 574;14;La Teja;13;Macromercado Mayorista;-34,86204963;-56,23138236;Montevideo;Montevideo;1;1020;NULL
149;Macromercado Mayorista S.A.;Macromercado Mayorista - Carrasco;Avda. al Parque Roosvelt 2495;NULL;Interior;22;Macromercado Mayorista;-34,87133956;-56,02260557;Ciudad de la Costa;Canelones;3;3831;3704
150;Macromercado Mayorista  S.A.;Macromercado Mayorista - Maldonado;Bvar. Artigas y 3 de febrero;NULL;Interior;22;Macromercado Mayorista;-34,91511706;-54,94480493;Maldonado;Maldonado;10;10320;3435
151;Macromercado Mayorista S.A.;Macromercado Mayorista - Casa Central / San Mart?n;Pugnalini 1847;3;Brazo Oriental;22;Macromercado Mayorista;-34,8667541;-56,18040616;Montevideo;Montevideo;1;1020;3263
152;Henderson y Cia.  S.A.;Tienda Inglesa - Pocitos;Juan Benito Blanco 966;5;Pocitos;5;Tienda Inglesa;-34,91390176;-56,14886398;Montevideo;Montevideo;1;1020;267
153;Henderson y Cia.  S.A.;Tienda Inglesa - Arocena;Dr. Alejandro Schroeder 6436;8;Carrasco;9;Tienda Inglesa;-34,887673;-56,05852061;Montevideo;Montevideo;1;1020;1024
154;Henderson y Cia.  S.A.;Tienda Inglesa - Unión;Avda. 8 de Octubre 4086;6;Unión;10;Tienda Inglesa;-34,87076392;-56,1348831;Montevideo;Montevideo;1;1020;675
155;Ta Ta S.A.;Ta - Ta - Hiper Maldonado;25 de Mayo 600;NULL;Interior;11;Ta - Ta;-34,90905068;-54,95580323;Maldonado;Maldonado;10;10320;NULL
156;Henderson y Cia.  S.A.;Tienda Inglesa - Lagomar;Avda. Ing. Luis Giannattasio Km.21800;NULL;Interior;13;Tienda Inglesa;-34,83446951;-55,980841;Ciudad de la Costa;Canelones;3;3831;1583
157;Henderson y Cia.  S.A.;Tienda Inglesa - Posadas;Avda. Dr. Luis A. de Herrera  4462;15;Prado ;14;Tienda Inglesa;-34,85783077;-56,19462606;Montevideo;Montevideo;1;1020;1631
158;Henderson y Cia.  S.A.;Tienda Inglesa - Atlántida;Ruta Interbalnearia  Km 45;NULL;Interior;18;Tienda Inglesa;-34,76800372;-55,76856156;Atlántida;Canelones;3;3621;3858
159;Henderson y Cia.  S.A.;Tienda Inglesa - Central;Avda. Italia 5820;8;Carrasco;22;Tienda Inglesa;-34,88259202;-56,08110165;Montevideo;Montevideo;1;1020;3649
160;Ta Ta S.A.;Ta - Ta - Rivera II;Sepè 51;NULL;Interior;7;Ta - Ta;-30,9000121;-55,5263139;Rivera;Rivera;13;13220;NULL
161;Ta Ta S.A.;Ta - Ta - Costa Urbana Shopping;Av Giannattasio km 20,500;NULL;Interior;13;Ta - Ta;-34,8412378;-55,9948837;Ciudad de la Costa;Canelones;3;3831;NULL
162;Ta Ta S.A.;Multiahorro Express N° 15;Martín Fierro 2415;4;La Blanqueada;2;Ta - Ta;-34,88275034;-56,16558447;Montevideo;Montevideo;1;1020;100
163;Sistemar S.A.;Multiahorro Express N° 9;Avda. Ramón Anador 3842;4;Buceo;2;Multi Ahorro;-34,89335284;-56,13056929;Montevideo;Montevideo;1;1020;212
164;Ta Ta S.A.;Ta - Ta - Av. Rivera  ;Avda. Gral. Rivera 4250;7;Buceo;2;Ta - Ta;-34,89616288;-56,12176942;Montevideo;Montevideo;1;1020;213
165;Ta Ta S.A.;Multiahorro Express N° 13;Dr. Tristán Narvaja 1541;2;Cordón;2;Ta - Ta;-34,90185104;-56,17782331;Montevideo;Montevideo;1;1020;138
166;Ta Ta S.A.;Ta! N° 2;Avda. Gral. Rivera 2056;3;Cordón;2;Ta - Ta;-34,90243241;-56,17148092;Montevideo;Montevideo;1;1020;185
167;Ta Ta S.A.;Ta - Ta - Libertad;Libertad 2545;5;Pocitos;2;Ta - Ta;-34,91061083;-56,15822847;Montevideo;Montevideo;1;1020;280
168;Ta Ta S.A.;Ta - Ta - Gral. Flores;Avda. Gral. Flores 4649;11;Cerrito;3;Ta - Ta;-34,84612874;-56,1555897;Montevideo;Montevideo;1;1020;205
169;Ta Ta S.A.;Ta - Ta - Agraciada;Avda. Agraciada 2560;16;Aguada;3;Ta - Ta;-34,88460381;-56,19320693;Montevideo;Montevideo;1;1020;217
170;Sistemar S.A.;Multiahorro Express N° 8;Ramón Anador 3272;5;Parque Batlle;3;Multi Ahorro;-34,89631912;-56,14572;Montevideo;Montevideo;1;1020;244
171;Ta Ta S.A.;Ta - Ta - Rio Branco;Río Branco 1382;1;Centro;3;Ta - Ta;-34,90568957;-56,19573175;Montevideo;Montevideo;1;1020;295
172;Ta Ta S.A.;Ta - Ta - Constituyente;Constituyente 1570;2;Centro;3;Ta - Ta;-34,90612584;-56,18204036;Montevideo;Montevideo;1;1020;252
173;Ta Ta S.A.;Ta - Ta - Canelones;Canelones 888;1;Centro;3;Ta - Ta;-34,90936691;-56,19705609;Montevideo;Montevideo;1;1020;250
174;Ta Ta S.A.;Ta - Ta - J.H. Figueiras ;José H. Figueira 2301;5;Parque Rodó;3;Ta - Ta;-34,91568181;-56,16416731;Montevideo;Montevideo;1;1020;139
175;Ta Ta S.A.;Ta - Ta - San Martin ;Avda. Gral. San Martín 2700;3;Reducto;4;Ta - Ta;-34,87614907;-56,1857678;Montevideo;Montevideo;1;1020;281
176;Ta Ta S.A.;Ta - Ta - Avda. Italia ;Avda. Italia 3796;6;Buceo;4;Ta - Ta;-34,88709064;-56,13024546;Montevideo;Montevideo;1;1020;249
177;Ta Ta S.A.;Ta - Ta - Jackson ;Juan D. Jackson 1222;2;Cordón;4;Ta - Ta;-34,90691562;-56,1730635;Montevideo;Montevideo;1;1020;372
178;Ta Ta S.A.;Ta - Ta - San Jose ;San José 882;1;Centro;4;Ta - Ta;-34,90750923;-56,19737321;Montevideo;Montevideo;1;1020;412
179;Ta Ta S.A.;Ta - Ta - Paraguay ;Paraguay 1017;1;Barrio Sur;4;Ta - Ta;-34,9126652;-56,191997;Montevideo;Montevideo;1;1020;300
180;Ta Ta S.A.;Mimatec 18 Tacuarembo;18 de Julio 430;NULL;Interior;4;Ta - Ta;-31,7185385;-55,9881785;Tacuarembó;Tacuarembó;18;18220;483
181;Ta Ta S.A.;Ta - Ta - N.Ferreira (Tacuarembó) ;Nelson Ferreira 132;NULL;Interior;4;Ta - Ta;-31,7220173;-55,9789866;Tacuarembó;Tacuarembó;18;18220;330
182;Ta Ta S.A.;Ta - Ta - Lezica ;Avda. Lezica 6345;12;Colón;5;Ta - Ta;-34,79672;-56,24808361;Montevideo;Montevideo;1;1020;475
183;Ta Ta S.A.;Ta - Ta - J.B. Y Ordoñez ;Bvar. José Batlle y Ordoñez 6609;13;Sayago;5;Ta - Ta;-34,82542909;-56,22402631;Montevideo;Montevideo;1;1020;400
184;Ta Ta S.A.;Ta - Ta - Felipe Carape ;Avda. Felipe Carapé 4478;15;Aires Puros;5;Ta - Ta;-34,85338039;-56,19417495;Montevideo;Montevideo;1;1020;406
185;Ta Ta S.A.;Ta - Ta - Cooper ;Cooper 2390;8;Carrasco;5;Ta - Ta;-34,87083853;-56,06918428;Montevideo;Montevideo;1;1020;NULL
186;Ta Ta S.A.;Ta - Ta - Cufre ;Cufré 2687;2;La Comercial;5;Ta - Ta;-34,87794723;-56,17095454;Montevideo;Montevideo;1;1020;314
187;Ta Ta S.A.;Ta - Ta - Miguelete ;Miguelete 2226;2;Tres Cruces;5;Ta - Ta;-34,89229941;-56,17095017;Montevideo;Montevideo;1;1020;502
188;Ta Ta S.A.;Ta - Ta - J.B. Y Ordoñez ;Bvar. José Batlle y Ordóñez 1703;7;Buceo;5;Ta - Ta;-34,89382598;-56,12898604;Montevideo;Montevideo;1;1020;342
189;Ta Ta S.A.;Ta - Ta - Cavia ;Luis B. Cavia 2610;5;Pocitos;5;Ta - Ta;-34,90804026;-56,15770659;Montevideo;Montevideo;1;1020;230
190;Ta Ta S.A.;Ta - Ta - Florida ;Fructuoso Rivera 3320 (y Dr. González);NULL;Interior;6;Ta - Ta;-34,09636833;-56,2147445;Florida;Florida;8;8220;834
191;Ta Ta S.A.;Ta - Ta - La Paz ;Conrado Moller 260;NULL;Interior;6;Ta - Ta;-34,76274799;-56,22468585;La Paz;Canelones;3;3321;476
192;Ta Ta S.A.;Ta - Ta - Cilindro ;Juan Sebastián Elcano 3301;11;Pérez Castellanos;6;Ta - Ta;-34,85952506;-56,15075662;Montevideo;Montevideo;1;1020;584
193;Ta Ta S.A.;Ta - Ta - C.M Ramirez ;Avda. Dr. Carlos Ma. Ramírez 932;14;La Teja;6;Ta - Ta;-34,86658314;-56,23693197;Montevideo;Montevideo;1;1020;530
194;Ta Ta S.A.;Ta - Ta - Rodo ;José Enrique Rodó 1802;2;Cordón;6;Ta - Ta;-34,90479859;-56,17716075;Montevideo;Montevideo;1;1020;427
195;Ta Ta S.A.;Ta - Ta - Fondar (Trinidad) ;Francisco Fondar 785;NULL;Interior;6;Ta - Ta;-33,5202526;-56,8997266;Trinidad;Flores;7;7320;1087
196;Ta Ta S.A.;Ta - Ta - Igua ;Iguá 4498;8;Malvín;7;Ta - Ta;-34,88114371;-56,11184138;Montevideo;Montevideo;1;1020;724
197;Ta Ta S.A.;Ta - Ta - Comercio ;Comercio 2445;6;Unión;8;Ta - Ta;-34,87763426;-56,14148306;Montevideo;Montevideo;1;1020;732
198;Ta Ta S.A.;Ta - Ta - Belloni ;Avda. José Belloni 4393;11;Piedras Blancas;9;Ta - Ta;-34,82319956;-56,14089719;Montevideo;Montevideo;1;1020;NULL
199;Ta Ta S.A.;Ta - Ta - Piedras Blancas ;Avda. Gral. Flores 5493;10;Piedras Blancas;9;Ta - Ta;-34,82885107;-56,14141459;Montevideo;Montevideo;1;1020;783
200;Ta Ta S.A.;Ta - Ta - Blanqueada ;Avda. 8 de Octubre 3340;6;Unión;9;Ta - Ta;-34,88006984;-56,14878114;Montevideo;Montevideo;1;1020;997
201;Ta Ta S.A.;Ta - Ta - Mercedes ;Don Bosco 734;NULL;Interior;10;Ta - Ta;-33,25689804;-58,02964394;Mercedes;Soriano;17;17220;802
202;Ta Ta S.A.;Ta - Ta - Jardines ;Camino Maldonado 5757;9;Punta de Rieles ;10;Ta - Ta;-34,84185921;-56,12456152;Montevideo;Montevideo;1;1020;862
203;Ta Ta S.A.;Ta - Ta - Gral Flores ;Avda. Gral. Flores 4104;11;Buceo;10;Ta - Ta;-34,85473971;-56,16188944;Montevideo;Montevideo;1;1020;770
204;Ta Ta S.A.;Ta - Ta - Malvin Alto ;Camino Carrasco 4656;6;Malvín;11;Ta - Ta;-34,87180352;-56,11803439;Montevideo;Montevideo;1;1020;993
205;Ta Ta S.A.;Ta - Ta - D.Lamas (Salto) ;Diego Lamas 2274;NULL;Interior;11;Ta - Ta;-31,38371262;-57,94355019;Salto;Salto;15;15120;1484
206;Ta Ta S.A.;Ta - Ta - Solymar ;Avda. Ing. Luis Giannattasio Km. 23.200;NULL;Interior;12;Ta - Ta;-34,87036158;-56,02247714;Ciudad de la Costa;Canelones;3;3831;1343
207;Ta Ta S.A.;Ta - Ta - Glra Flores Tacuarembó ;Gral. Flores 315;NULL;Interior;12;Ta - Ta;-31,7159807;-55,9842182;Tacuarembó;Tacuarembó;18;18220;1250
208;Ta Ta S.A.;Ta - Ta - Cerro ;Avda. Dr. Carlos Ma. Ramírez 1490;17;Cerro;16;Ta - Ta;-34,87322619;-56,24556142;Montevideo;Montevideo;1;1020;1574
209;Ta Ta S.A.;Ta - Ta - W.F.Aldunate (Durazno) ;Wilson Ferrira Aldunate 419;NULL;Interior;10;Ta - Ta;-33,3827939;-56,527935;Durazno;Durazno;6;6220;1261
210;De Buño SRL.;MicroMacro 3 Calvo;Francisco Canaro 2265;2;Cordón;2;Micro Macro;-34,89878911;-56,16538919;Montevideo;Montevideo;1;1020;NULL
211;Yaelcong S.A.;MicroMacro 12 Camino Carrasco;Camino Carrasco 120;NULL;Interior;2;Micro Macro;-34,86282837;-56,05523688;Ciudad de la Costa;Canelones;3;3831;NULL
212;Fonsil S.A.;Micro Macro  Tigre 1;José Pedro Varela 401;NULL;Interior;3;Micro Macro;-34,46663043;-57,83854674;Colonia del Sacramento;Colonia;5;5320;NULL
213;Fonsil S.A.;Micro Macro  Tigre 2;Rivera 185;NULL;Interior;3;Micro Macro;-34,47045213;-57,84405887;Colonia del Sacramento;Colonia;5;5320;NULL
214;Fonsil S.A.;Micro Macro 11 Libertad;Ruta 1 km.52 /Lavalleja;NULL;Interior;3;Micro Macro;-34,63893981;-56,61913703;Libertad;San José;16;16421;NULL
215;Brentol S.A.;Micro Macro 7 Millán;Avda. Millán 5956 y Cno.Lecocq;13;Sayago;3;Micro Macro;-34,8257997;-56,24283976;Montevideo;Montevideo;1;1020;NULL
216;Yaelcong S.A.;Micro Macro 14 Pereira;Gabriel A. Pereira 3173;5;Pocitos;3;Micro Macro;-34,90930795;-56,14769084;Montevideo;Montevideo;1;1020;NULL
217;Fonsil S.A.;Micro Macro Tigre 3;Lorenzo Latorre s/n;NULL;Interior;4;Micro Macro;-34,44831472;-57,84384155;Colonia del Sacramento;Colonia;5;5320;NULL
218;Colen S.A.;Micro Macro 4 San José;San José 1042;1;Centro;4;Micro Macro;-34,90722668;-56,19382116;Montevideo;Montevideo;1;1020;350
219;Cladisol S.A.;Micro Macro 6 21 de Setiembre;21 de Setiembre 2973;5;Pocitos;4;Micro Macro;-34,91950719;-56,15276567;Montevideo;Montevideo;1;1020;NULL
220;Blami Ltda.;Super Tico - BLAMI;Avda. De las Instrucciones 3086;10;Casavalle;3;Super Tico;-34,8087643;-56,16401239;Montevideo;Montevideo;1;1020;230
221;Mabiluz S.A.;Super Tico - MABILUZ;Bvar. Aparicio Saravia 4642;13;Peñarol;3;Super Tico;-34,82651394;-56,20127574;Montevideo;Montevideo;1;1020;195
222;Fedimán S.A.;Super Tico - FEDIMAN;Cardal 3209;4;La Blanqueada;4;Super Tico;-34,88430852;-56,14601649;Montevideo;Montevideo;1;1020;382
223;Noar Ltda.;Super Tico - NOAR;Avda. De las Instrucciones 1388;13;Lavalleja;5;Super Tico;-34,83773753;-56,19362027;Montevideo;Montevideo;1;1020;610
224;Dacaril S.A.;Expres Palermo;Avda. Gonzalo Ramírez 1811;2;Palermo;5;Red Expres;-34,91187323;-56,17535157;Montevideo;Montevideo;1;1020;400
225;Dacaril S.A.;Expres Centro;Avda. Uruguay  1104;1;Centro;6;Red Expres;-34,9033249;-56,19251427;Montevideo;Montevideo;1;1020;300
226;Iberpark S.A.;Iberpark;Avda. 18 de Julio 2033;1;Centro;1;Iberpark;-34,90011383;-56,17171869;Montevideo;Montevideo;1;1020;NULL
227;Iberpark S.A.;Iberpark;Avda. 18 de Julio 1852;1;Centro;1;Iberpark;-34,9021983;-56,176237;Montevideo;Montevideo;1;1020;NULL
228;Iberpark S.A.;Iberpark;Constituyente 1486;1;Centro;1;Iberpark;-34,90591512;-56,18382559;Montevideo;Montevideo;1;1020;NULL
229;Iberpark S.A.;Iberpark;Soriano 1249;1;Centro;1;Iberpark;-34,90751232;-56,18916948;Montevideo;Montevideo;1;1020;NULL
230;Iberpark S.A.;Iberpark;Blv. Artigas 1825 Local 17;NULL;Tres Cruces;1;Iberpark;-34,893946;-56,1681817;Montevideo;Montevideo;1;1020;NULL
231;Iberpark S.A.;Iberpark;Av. Giannattasio Km 21 Local 131A;NULL;Interior;1;Iberpark;-34,8254104;-56,2405836;Canelones;Canelones;3;3320;NULL
232;Lindol S.A.;Super Expres 8;Camino Cnel. Raíz 1672;3;Peñarol;3;Red Expres;-34,82482065;-56,2002846;Montevideo;Montevideo;1;1020;330
233;Soligal S.A.;Suarin;Bvar. José Batlle y Ordoñez 2239;4;Buceo;3;Sin Cadena;-34,8874545;-56,13708909;Montevideo;Montevideo;1;1020;NULL
234;Soditur S.A.;Super Expres 3;VERACIERTO 2790;NULL;Malvín;4;Red Expres;-34,866074;-56,1227215;Montevideo;Montevideo;1;1020;250
235;Polakof  y Cía.  S.A.;Winmart;Ruta 39 Km. 7;NULL;Interior;3;Sin Cadena;-34,87621851;-54,94956914;Maldonado;Maldonado;10;10320;979
236;Henderson y Cia.  S.A.;Tienda Inglesa - Propios;Bvar. José  Batlle y Ordoñez  3770;11;Pérez Castellanos;27;Tienda Inglesa;-34,86646767;-56,16431444;Montevideo;Montevideo;1;1020;4601
237;Henderson y Cia.  S.A.;Tienda Inglesa - Punta del Este;Roosevelt y Los Alpes Parada7;NULL;Interior;27;Tienda Inglesa;-34,93928558;-54,93433762;Punta del Este;Maldonado;10;10524;4480
238;Henderson y Cia.  S.A.;Tienda Inglesa - Shopping;Avda. Dr. Luis A. de Herrera 1290;5;Pocitos;33;Tienda Inglesa;-34,90388623;-56,13722709;Montevideo;Montevideo;1;1020;4074
239;Tamecor S.A.;Los Jardines 1;18 de Julio 61 Eeq. Piedras;NULL;Interior;3;Sin Cadena;-34,47815454;-54,33708203;Rocha;Rocha;14;14320;400
240;Oasis SRL.;Los Jardines Centro;Gral. Artigas  169;NULL;Interior;4;Sin Cadena;-34,48211061;-54,33290109;Rocha;Rocha;14;14320;990
241;Limersol  S.A.;Los Jardines Centro La Paloma;Avda. Solari y Paloma;NULL;Interior;6;Sin Cadena;-34,66005676;-54,15588025;La Paloma;Rocha;14;14722;700
242;Vernafel S.A.;La Colonial;Gral. Oscar Gestido 2455;5;Pocitos;1;La Colonial;-34,90634542;-56,16049616;Montevideo;Montevideo;1;1020;NULL
243;Vernafel S.A.;La Colonial;26 de Marzo 1349;5;Pocitos;1;La Colonial;-34,90793254;-56,14674749;Montevideo;Montevideo;1;1020;NULL
244;Vernafel S.A.;La Colonial;Miguel Barreiro 3340;5;Pocitos;1;La Colonial;-34,91055233;-56,14561323;Montevideo;Montevideo;1;1020;NULL
245;Vernafel S.A.;La Colonial;21 de Setiembre 2861;5;Pocitos;1;La Colonial;-34,91890232;-56,15547109;Montevideo;Montevideo;1;1020;NULL
246;Vernafel S.A.;La Colonial;Avda. Gral. Rivera 3302;5;Pocitos;2;La Colonial;-34,90263609;-56,1432663;Montevideo;Montevideo;1;1020;NULL
247;Vernafel S.A.;La Colonial;Francisco  A. Vidal 755;5;Pocitos;2;La Colonial;-34,91794706;-56,14976438;Montevideo;Montevideo;1;1020;NULL
248;Dafimán S.A.;Super Salto;Uruguay 862;NULL;Interior;5;Sin Cadena;-31,38758502;-57,9639052;Salto;Salto;15;15120;NULL
249;Wiping  S.A.;HIPER VITAL;Camino Carrasco 149;NULL;Interior;5;Sin Cadena;-34,8547418;-56,04243644;Ciudad de la Costa;Canelones;3;3831;NULL
250;La Intención S.A.;Liro 3;Chaná 2286;2;Cordón;3;Sin Cadena;-34,90398295;-56,16683827;Montevideo;Montevideo;1;1020;621
251;Acolsur S.A.;Supermercado Ibiza;Capitán Tula 4711;10;Piedras Blancas;4;Sin Cadena;-34,82194111;-56,15631131;Montevideo;Montevideo;1;1020;300
252;Acolsur S.A.;Supermercado Ibiza;Avda. José Belloni 4575;10;Piedras Blancas;5;Sin Cadena;-34,81972634;-56,14012419;Montevideo;Montevideo;1;1020;550
253;Jardines  SRL.;Super Jardines;Badajoz 1894;12;Peñarol;3;Red Expres;-34,81611641;-56,21462242;Montevideo;Montevideo;1;1020;310
254;Distribuidora Sabbatini S.A.;Distribuidora Sabattini;Camino Tómkinson 3556;18;Paso de la Arena;4;Sin Cadena;-34,85688299;-56,29878603;Montevideo;Montevideo;1;1020;NULL
255;Ladefar S.A.;La Bohemia 3;Avda. Dr. Luis A. de Herrera 3836;11;Brazo Oriental;3;Sin Cadena;-34,86297332;-56,17847178;Montevideo;Montevideo;1;1020;220
256;Hiperahorro SRL.;Supermercado Hiperahorro;Ruta 1 y Rodó;NULL;Interior;3;Sin Cadena;-34,63600899;-56,62349351;Libertad;San José;16;16421;NULL
257;Nadiral S.A.;Super Bachino;Calle 33 y Mackinnon;NULL;Interior;5;Sin Cadena;-34,7591258;-55,6786566;La Floresta;Canelones;3;3724;864
258;Luis Gatti e Hijos S.A.;Supermercado Gatti;Avda. Gral. Artigas 780;NULL;Interior;7;Sin Cadena;-34,72714779;-56,22272133;Las Piedras;Canelones;3;3221;600
259;San  Cono Ltda.;San  Cono;Sierra Leona 3682;18;Casabó;4;Sin Cadena;-34,88808943;-56,27272798;Montevideo;Montevideo;1;1020;NULL
260;Julio Molina Garrido y otros;Supermercado Los Molles;Aries y Delfín;NULL;Interior;6;Sin Cadena;-34,66033821;-54,16135789;La Paloma;Rocha;14;14722;280
261;Zunini Hnos. SC.;Autoservice  Ñandú;Agraciada 1850;NULL;Interior;3;Sin Cadena;-31,38553103;-57,95203013;Salto;Salto;15;15120;NULL
262;Tonicor S.A.;Supermercado La Chacra;Avda. José Belloni 6389;11;Toledo Chico;5;Sin Cadena;-34,7816619;-56,13642402;Montevideo;Montevideo;1;1020;NULL
263;Jorge Ledesma;Autoservice  Nataleo;Avenida España 1435;NULL;Interior;3;Sin Cadena;-32,3179217;-58,0797658;Paysandú;Paysandú;11;11120;NULL
264;Royalwest S.A.;Marymar;Avda. José Belloni 4208;11;Piedras Blancas;6;Sin Cadena;-34,82680867;-56,14053438;Montevideo;Montevideo;1;1020;200
265;Gendil S.A.;Carnetel;Las Piedras 1624;NULL;Interior;4;Red Expres;-32,70285792;-57,6315452;Young;Río Negro;12;12421;400
266;Sumelar S.A.;Pingûino;Avda. Dr. Luis A. de Herrera 2940;5;Larrañaga;3;Sin Cadena;-34,87511823;-56,15812697;Montevideo;Montevideo;1;1020;250
267;Parada  2 SRL.;Red Market 2-Parada 2;Yegros 2062;12;Colón ;4;Red Market;-34,80044171;-56,22851247;Montevideo;Montevideo;1;1020;280
268;El Revoltijo S.A.;El Revoltijo;Avda. Batlle 2525;NULL;Interior;4;Sin Cadena;-31,38517117;-57,94150907;Salto;Salto;15;15120;1000
269;El Revoltijo S.A.;El Revoltijo;Uruguay esq. Soca;NULL;Interior;8;Sin Cadena;-31,38758502;-57,9639052;Salto;Salto;15;15120;1300
270;Amadi Ltda.;Supermercado Betina;Avda. José Belloni  3354;9;Ituzaingó;5;Sin Cadena;-34,84576733;-56,13503313;Montevideo;Montevideo;1;1020;420
271;Cooperativa Salteña de Consumos;Cosalco;19 de Abril 1001;NULL;Interior;4;Sin Cadena;-31,38556887;-57,9620665;Salto;Salto;15;15120;1200
272;Miabán S.A.;Supermercado El Morro;Camino Cibils 4484;14;Casabó;5;Red Expres;-34,87233033;-56,26684078;Montevideo;Montevideo;1;1020;480
273;Loslo Ltda.;Multieco;Avda. Luis Batlle Berres 6645;18;Paso de la Arena;3;Sin Cadena;-34,83586198;-56,27376633;Montevideo;Montevideo;1;1020;300
274;La Cabaña SRL.;La Cabaña 4;Avda. Naciones Unidas s/n P13½  Centro Comercial;NULL;Interior;9;Sin Cadena;-34,80908436;-55,90608619;Ciudad de la Costa;Canelones;3;3831;1500
275;Targuit S.A.;Supermercado Ruta 9;Ruta 9 km 207;NULL;Interior;4;Sin Cadena;-34,48834693;-54,32031757;Rocha;Rocha;14;14320;NULL
276;Ecotec S.A.;RedMarket 11-Los Bulevares;Ideario Artiguista 2016;18;Paso de la Arena;3;Red Market;-34,82305723;-56,28819277;Montevideo;Montevideo;1;1020;NULL
277;Supermercado  Italia  SRL.;Supermercado  Italia;Asamblea 693;NULL;Interior;5;Sin Cadena;-34,3394813;-56,71043047;San José de Mayo;San José;16;16220;400
278;Sanig SRL.;La Cabaña Nº3;Avda. Gral. Rivera 3090;5;Pocitos;4;Sin Cadena;-34,90318933;-56,1490335;Montevideo;Montevideo;1;1020;400
279;Keneltur S.A.;Eco Market II;Avda. 8 de Octubre 3653;6;Unión;4;Sin Cadena;-34,87619719;-56,14280708;Montevideo;Montevideo;1;1020;360
280;Cooperativa Policial;Cooperativa Policial;Nueva York 1335;1;Aguada;8;Sin Cadena;-34,89695821;-56,18929288;Montevideo;Montevideo;1;1020;968
281;Minimarket San Cono 2 SRL.;Supermercado San Cono;Antonio Ma. Fernández 822;NULL;Interior;5;Sin Cadena;-34,09559853;-56,217064;Florida;Florida;8;8220;NULL
282;Minimarket San Cono 2 SRL.;Supermercado San Cono;Luis A. de Herrera esq. Batlle y Ordoñez;NULL;Interior;5;Sin Cadena;-34,10046095;-56,21658694;Florida;Florida;8;8220;NULL
283;Edanur S.A.;Supermercado Abril;Ruta 1 Vieja km. 27 Manz. 38 Solar 3;NULL;Interior;3;Sin Cadena;-34,76984865;-56,38747838;Delta del Tigre;San José;16;16521;200
284;Asociacion Cooperativa Electoral;A.C.E.;8 de octubre 2897;4;La Blanqueada;3;Sin Cadena;-34,8854777;-56,1593038;Montevideo;Montevideo;1;1020;NULL
285;Barlisol S.A.;El Manjar Rivera;33 Orientales 1060;NULL;Interior;5;Sin Cadena;-30,89708993;-55,53281414;Rivera;Rivera;13;13220;NULL
286;Enrique Félix Temesio Arena;Supermercado Temesio;Avda. Artigas esq. Palmas;NULL;Interior;4;Sin Cadena;-34,66284899;-56,22149627;Progreso;Canelones;3;3421;22
287;J. y V. Riveiro Hnos. S.A.;Supermercado los Paraisos;Avda. Pedro de Mendoza 5388/5398;10;Manga ;4;Sin Cadena;-34,78320632;-56,16813194;Montevideo;Montevideo;1;1020;NULL
289;Tilmursol S.A.;Super XXI;P.Butler M 94  S 19;NULL;Interior;3;Super XXI;-34,79747853;-55,93650448;Ciudad de la Costa;Canelones;3;3831;NULL
290;Tilmursol S.A.;Super XXI;Río de Janeiro M124 S12;NULL;Interior;3;Super XXI;-34,83672608;-55,98506951;Ciudad de la Costa;Canelones;3;3831;10
291;Tilmursol S.A.;Super XXI;Av. A esq.14 M427 S10;NULL;Interior;3;Super XXI;-34,85655468;-56,05484742;Ciudad de la Costa;Canelones;3;3831;NULL
292;Tilmursol S.A.;Super XXI;Maciel 103;NULL;Interior;3;Super XXI;-34,85847789;-56,0523836;Ciudad de la Costa;Canelones;3;3831;NULL
293;Enrique Fierro;Autoservice Patricia;Gral Flores 681;NULL;Interior;3;Sin Cadena;-34,10367633;-56,21734263;Florida;Florida;8;8220;NULL
294;Caldiran S.A.;Super Viter;Maria Orticochea 5621;12;Nuevo París;4;Sin Cadena;-34,8326401;-56,2325068;Montevideo;Montevideo;1;1020;NULL
296;Hugo Mesa;Red Market 4;Ruta 8 km 22.500 s 29;NULL;Interior;3;Red Market;-34,772423;-56,027372;Barros Blancos;Canelones;3;3521;NULL
297;Villa Manuela SRL;Nativo;RUTA 8 KM 26.200;NULL;Interior;4;Los Jardines;-34,7509314;-56,0023455;Barros Blancos;Canelones;3;3521;1000
298;Cobo y Mur SRL.;Supermercado El Grillito;Avda. del Parque manz. 16 solar 1;NULL;Interior;3;Sin Cadena;-34,85597431;-56,00098045;Ciudad de la Costa;Canelones;3;3831;NULL
299;Odaler S.A.;Hipermercado Géant;Avda. Ing. Luis Giannattasio y A la Playa;NULL;Interior;62;Sin Cadena;-34,86647398;-56,02329851;Ciudad de la Costa;Canelones;3;3831;NULL
300;Jorge Santos;Supermercado Nuevo Rumbo;Rivera y D. Agustini;NULL;Interior;4;Sin Cadena;-34,75613113;-55,67894339;La Floresta;Canelones;3;3724;NULL
301;Natoli S.A.;Supermercado La Paz;José E. Rodó 359;NULL;Interior;5;Sin Cadena;-34,76183866;-56,22774907;La Paz;Canelones;3;3321;1200
302;Suafil S.A.;El Mastilazo;Avda. Gral. Artigas esq. R. Argentina;NULL;Interior;3;Sin Cadena;-34,72672793;-56,21071977;Las Piedras;Canelones;3;3221;282
303;Cademix S.A.;Red Market 12-Percat;Dr. Pouey s/n y R.Ortiz;NULL;Interior;4;Red Market;-34,73739366;-56,2237321;Las Piedras;Canelones;3;3221;NULL
304;EL Persa S.A.;Supermercado Persa;Avda. Gral. Artigas  483;NULL;Interior;4;Sin Cadena;-34,7242488;-56,21013239;Las Piedras;Canelones;3;3221;220
305;Super Covadonga S.A.;Super Covadonga;Avda. Artigas y Wilson Ferreira;NULL;Interior;8;Sin Cadena;-34,66871646;-56,21721949;Progreso;Canelones;3;3421;NULL
306;Lafer Ltda.;Supermercado El Paseo;Vicente Grucci 33;NULL;Interior;5;Sin Cadena;-34,45531048;-56,38826741;Santa Lucía;Canelones;3;3323;2000
307;Gladecor S.A.;Super Center;Avda. Artigas 1427;NULL;Interior;3;Sin Cadena;-34,64918036;-56,06237504;Sauce;Canelones;3;3527;NULL
308;Tigul S.A.;Super Nativo Suarez;ruta 74 km 27.200 y anzani;NULL;Interior;5;Red Expres;-34,7359316;-56,0325664;Joaquín Suarez;Canelones;3;3524;400
309;Alroga SRL.;El Special;Avda. Artigas 355;NULL;Interior;4;Sin Cadena;-34,46765885;-57,8430787;Colonia del Sacramento;Colonia;5;5320;380
310;Metalic  S.A.;La Pañalera;Aparicio Saravia 767;NULL;Interior;4;Sin Cadena;-34,45908993;-57,83877175;Colonia del Sacramento;Colonia;5;5320;525
311;Mercado Helvético SRL.;Mercado Helvético;Luis Dreyer 1294;NULL;Interior;4;Sin Cadena;-34,28559402;-57,23120513;Nueva Helvecia;Colonia;5;5421;400
312;Andrés Berton;Quito´s;Artigas 1737;NULL;Interior;3;Sin Cadena;-34,26458292;-57,61024471;Tarariras;Colonia;5;5522;400
313;Mendiverry Latorre Lilian Arlet;Super Pola;Av. Kennedy 2216;NULL;Interior;3;Sin Cadena;-34,2626537;-57,6160941;Tarariras;Colonia;5;5522;100
314;Timana S.A.;Supermercado Giordano;25 de Agosto 871;NULL;Interior;6;Sin Cadena;-33,38060224;-56,51938638;Durazno;Durazno;6;6220;500
315;Clistor S.A.;Supermercado 18;Dr. Herrera 868;NULL;Interior;10;Red Expres;-33,3777972;-56,52526834;Durazno;Durazno;6;6220;700
316;Suc.de Jorge Estefan S.A.;Estefan Supermercados;Alfredo J. Puig 611;NULL;Interior;10;Sin Cadena;-33,51700637;-56,89646542;Trinidad;Flores;7;7320;NULL
317;Suc.de Jorge Estefan S.A.;Estefan Supermercados;Fco. Fondar 785;NULL;Interior;6;Sin Cadena;-33,52062884;-56,89777386;Trinidad;Flores;7;7320;20
318;Silvia Sosa Vinagui;Hiperprecios;Tucumán  y Sanabria;NULL;Interior;3;Sin Cadena;-34,86693335;-55,27445575;Piriápolis;Maldonado;10;10523;44
319;Maraluz S.A.;SUPER UNO;Chiverta y Francia (Parada 3);NULL;Interior;11;Sin Cadena;NULL;NULL;Punta del Este;Maldonado;10;10524;NULL
320;Enfa SRL.;Super Vero;Avda. Gral. Flores 2800;3;Goes;3;Sin Cadena;-34,87668164;-56,17954445;Montevideo;Montevideo;1;1020;NULL
321;Mercadito 5 Hermanos Ltda.;Supermercado 5 Hermanos;Venezuela 1409;1;Aguada;3;Sin Cadena;-34,89344685;-56,1871875;Montevideo;Montevideo;1;1020;NULL
322;Cooperativa Bancaria;Cooperativa Bancaria;Zabala 1367;1;Ciudad Vieja;8;Sin Cadena;-34,90811971;-56,2071816;Montevideo;Montevideo;1;1020;NULL
323;Pradelix S.A.;Super Ariel;Avda. Millán 4499;13;Sayago;4;Red Expres;-34,84246888;-56,20863935;Montevideo;Montevideo;1;1020;297
324;Carroussel SRL.;Super Ariel;Avda. Italia 2883;4;Parque Batlle;4;Red Expres;-34,89031153;-56,15256484;Montevideo;Montevideo;1;1020;310
325;Suaras S.A.;Mayorista Marymar;San Quintín 4276;14;Belvedere;5;Sin Cadena;-34,8550659;-56,22114295;Montevideo;Montevideo;1;1020;NULL
326;Enfa SRL.;Super Vero;Avda. Dr. Luis A. de Herrera 2635;6;Unión;3;Sin Cadena;-34,88061779;-56,15417464;Montevideo;Montevideo;1;1020;NULL
327;Goñi Hnos. SRL.;Supermercado Don Pepe;Avda. José Belloni 5493;11;Manga ;6;Sin Cadena;-34,80526257;-56,13657737;Montevideo;Montevideo;1;1020;NULL
328;Costa y Costa S.A.;Mercadito Rivera;Avda. Gral. Rivera 2798;5;Pocitos;4;Sin Cadena;-34,90330143;-56,15476387;Montevideo;Montevideo;1;1020;NULL
329;SSS Ltda.;Liro 1;Pablo de María 1487;2;Cordón;2;Sin Cadena;-34,9013193;-56,1745803;Montevideo;Montevideo;1;1020;90
330;Klein París SRL.;Supermercado París;Antonio Mario Marquez 5472;13;Sayago;5;Sin Cadena;-34,81874071;-56,22626985;Montevideo;Montevideo;1;1020;NULL
331;Lantieri S.A.;Las Barreras;Camino Ariel 4835;13;Sayago;3;Sin Cadena;-34,83379428;-56,21661452;Montevideo;Montevideo;1;1020;NULL
332;Montevideo Refrescos SRL;Coca-Cola;Camino Carrasco 6173;8;Carrasco Norte;2;Sin Cadena;NULL;NULL;Montevideo;Montevideo;1;1020;NULL
333;Martín Pescador  SRL.;Red Market 8-Martín Pescador;Acevedo Díaz 1076;2;Cordón;3;Red Market;-34,90907539;-56,16578687;Montevideo;Montevideo;1;1020;NULL
334;Fóreman  S.A.;Adonis;Avda. Gral. Flores 4172;11;Mercado Modelo;4;Los Jardines;-34,85309361;-56,16056851;Montevideo;Montevideo;1;1020;NULL
335;Valefyr S.A.;Ecomarket 3;Santa Ana 4108;11;Cerrito;5;Red Expres;-34,85046647;-56,17966021;Montevideo;Montevideo;1;1020;680
336;Verylond S.A.;Supermercado Unicentro;Veraguas 1907;12;Lezica ;8;Sin Cadena;-34,79516932;-56,24969501;Montevideo;Montevideo;1;1020;NULL
337;Pronto Todo S.R.L.;Red Market 5;Ruta 8 km 21 Nº 11152;9;Villa García;3;Red Market;-34,7762695;-56,0499384;Montevideo;Montevideo;1;1020;500
338;Cafanor S.A.;Super Planeta I;Avda. Gral. Rivera 2348;2;Cordón;4;Planeta;-34,90215732;-56,16505861;Montevideo;Montevideo;1;1020;325
339;Alencur S.A.;Supermercado Zum Felde;A. Zum Felde 2063;8;Malvín;4;Sin Cadena;-34,88076115;-56,09914384;Montevideo;Montevideo;1;1020;238
340;Maresca  SRL.;Maresca;Dr. Francisco Simón  2148;6;La Blanqueada;4;Sin Cadena;-34,8867848;-56,14525182;Montevideo;Montevideo;1;1020;350
341;Teribán S.A.;Super Comva;Corrales 3546;11;Ituzaingó;4;Red Expres;-34,85099548;-56,14829219;Montevideo;Montevideo;1;1020;300
342;Bekemar  S.A.;Supermercado Planeta;Andes 1427;1;Centro;6;Sin Cadena;-34,90501002;-56,19845419;Montevideo;Montevideo;1;1020;NULL
343;Cooperativa Municipal;Supermercado MC;Santiago de Chile 1242;2;Barrio Sur;4;Sin Cadena;-34,90750807;-56,18478832;Montevideo;Montevideo;1;1020;NULL
344;Bidenux  S.A.;Super Continente;Avda. José Belloni 4752;10;Sayago;4;Sin Cadena;-34,81716494;-56,13891612;Montevideo;Montevideo;1;1020;NULL
345;Fadoríl S.A.;Nativo;Avda. Gral. Eugenio Garzón 223;14;Belvedere;3;Sin Cadena;-34,84990542;-56,22386044;Montevideo;Montevideo;1;1020;350
346;MADEBIL  S.A.;Red Market 13;Av.  Italia  3896;NULL;Malvín;3;Red Market;-34,8872563;-56,1265762;Montevideo;Montevideo;1;1020;202
347;Lamader S.A.;Super Del Fuerte;Del Fuerte 5302;9;Maroñas;4;Red Expres;-34,85199194;-56,11787889;Montevideo;Montevideo;1;1020;366
348;Orefal S.A.;Supermercado El Tío 1;Avda. Gral. Garibaldi 2511;4;La Blanqueada;4;Red Expres;-34,88561022;-56,16446584;Montevideo;Montevideo;1;1020;500
349;Garcia Santoro;Red Market 10-Grias;Avda. Lezica 6309;12;Colón;3;Red Market;-34,79738532;-56,2472794;Montevideo;Montevideo;1;1020;NULL
350;Graciela y Jose Meijón Ltda.;Supermercado Meijón;Avda. Dr. Luis A. de Herrera 3117;4;La Blanqueada;3;Sin Cadena;-34,87278179;-56,16175448;Montevideo;Montevideo;1;1020;250
351;La Barra Ltda.;Red Market 9-La Barra;Avda. Luis Batlle Berres 230;18;Paso de la Arena;3;Red Market;-34,7886806;-56,35326733;Montevideo;Montevideo;1;1020;NULL
352;Antonio Ameijenda;Red Market 1-Super Totis;Camino Durán 5986;12;Colón ;3;Red Market;-34,7988313;-56,22721328;Montevideo;Montevideo;1;1020;300
353;Palticor S.A.;Supermercado Los 33;Camino Carrasco 4675;9;Malvín;4;Sin Cadena;-34,87136479;-56,11660032;Montevideo;Montevideo;1;1020;NULL
354;Piaggio Mazzali SRL.;La Bohemia 1;Juan Lavalle  551;15;Prado ;2;Sin Cadena;-34,85149227;-56,20638667;Montevideo;Montevideo;1;1020;NULL
355;Radelcor S.A.;Supersol;Orinoco 4888;7;Malvín;5;Sin Cadena;-34,89599562;-56,10139832;Montevideo;Montevideo;1;1020;381
356;Super Ocasión SRL.;Super Ocasión;Francisco Sainz Rosas 4750;9;Jardines del Hipódromo;3;Sin Cadena;-34,85258251;-56,1425173;Montevideo;Montevideo;1;1020;200
357;Super Nuevo Paris SRL.;Super Nuevo Paris;Yugoslavia 899;14;Nuevo París;3;Red Expres;-34,838363;-56,2416141;Montevideo;Montevideo;1;1020;NULL
358;Tedocán S.A.;Super Copact;Juan Paullier 984;2;Parque Rodó;2;Sin Cadena;-34,9109697;-56,1690976;Montevideo;Montevideo;1;1020;NULL
359;Tedocán S.A.;Super Copact;Avda. Agraciada 3199;16;Bella Vista;2;Sin Cadena;NULL;NULL;Montevideo;Montevideo;1;1020;NULL
360;Cooperativa Fuerzas Armadas;COFAS;Eduardo Víctor Haedo 2258;2;Tres Cruces;6;Sin Cadena;-34,89723137;-56,16712218;Montevideo;Montevideo;1;1020;7545
361;Carnicería Marymar  Ltda.;Carnicería Marymar;Avda. Agraciada 4271 A;14;Belvedere;3;Sin Cadena;-34,85562468;-56,22146277;Montevideo;Montevideo;1;1020;NULL
362;KRINORD S.A.;Liro 2;Mercedes 1782;2;Cordón;2;Sin Cadena;-34,9010163;-56,1809895;Montevideo;Montevideo;1;1020;NULL
363;Banedil S.A.;Adonis;Juan Antonio Artigas 4120;14;Paso Molino;4;Los Jardines;-34,8576249;-56,21797252;Montevideo;Montevideo;1;1020;NULL
364;Fabegold S.A.;Super Tico - Fabegold;Avda. 8 de Octubre 3090;4;La Blanqueada;3;Super Tico;-34,88209464;-56,1525954;Montevideo;Montevideo;1;1020;231
365;Baltimar S.A.;Frigorey;A. Zum Felde 2047;8;Malvín;4;Sin Cadena;-34,88101102;-56,09893848;Montevideo;Montevideo;1;1020;430
366;Rodalir S.A.;Super Ariel 3;Avda. Dr. Luis A. de Herrera 2854;4;Larrañaga;3;Red Expres;-34,87661006;-56,15702426;Montevideo;Montevideo;1;1020;189
367;CYR Ltda.;Supermercado Gonzalito;Pérez Castellanos 1478;1;Ciudad Vieja;3;Sin Cadena;-34,9070175;-56,21058958;Montevideo;Montevideo;1;1020;400
368;Solvencia S.A.;Supermercado Don Paulino;Avda. Daniel Fernández Crespo 1685;2;Cordón;4;Sin Cadena;-34,89954592;-56,17691309;Montevideo;Montevideo;1;1020;10
370;Prisma Alimentos & Cia. S.A.;Prisma Alimentos;Avda. Gral. Flores 3327;3;Brazo Oriental;4;Red Expres;-34,86711927;-56,17190544;Montevideo;Montevideo;1;1020;228
371;Cooperativa Magisterial de Consumo;COMAG;Colonia 1730;2;Cordón;5;Sin Cadena;-34,90294547;-56,17909436;Montevideo;Montevideo;1;1020;629
372;Gamabel S.A.;La Bohemia 2;Avda. Millán 4351;11;Prado ;2;Sin Cadena;-34,8453945;-56,20374016;Montevideo;Montevideo;1;1020;280
373;Rochatel S.A.;Supermercado Ruta 9;Sagitario s/n;NULL;Interior;4;Sin Cadena;-34,6563191;-54,1675108;La Paloma;Rocha;14;14722;20
374;Plaza Uno SRL.;Plaza Uno;Viera 86;NULL;Interior;3;Sin Cadena;-31,38674601;-57,96089568;Salto;Salto;15;15120;NULL
375;Carlos E. Zunini y Cia.;Zunimercado;19 de Abril 1897;NULL;Interior;5;Sin Cadena;-31,38694749;-57,95020691;Salto;Salto;15;15120;NULL
376;ADUMEL S.A.;Supermercado Bastion;SARANDI 443;NULL;Interior;3;Sin Cadena;-34,34088444;-56,71267687;San José de Mayo;San José;16;16220;230
377;Opciones Quality S.A.;Supermercado Avenida Norte;Artigas s/n esq. Manuel de Rodríguez;NULL;Interior;5;Red Expres;-34,33330689;-56,7175866;San José de Mayo;San José;16;16220;NULL
378;Menarr SRL.;Autoservicio Peatonal;Asamblea 560;NULL;Interior;3;Sin Cadena;-34,34019798;-56,71414966;San José de Mayo;San José;16;16220;NULL
379;José María González SRL.;Supermercado Avenida Sur;Herrera 480 (Treinta y Tres esq. Herrera);NULL;Interior;4;Red Expres;-34,34424147;-56,71361134;San José de Mayo;San José;16;16220;NULL
381;Barlisol S.A.;El Manjar Express;18 de Julio 430;NULL;Interior;3;Sin Cadena;-31,71839927;-55,98616806;Tacuarembó;Tacuarembó;18;18220;NULL
383;LOLIFER S.A.;Frigo - Sayago ;Cno. Ariel 4835;NULL;Sayago;6;Frigo;-34,8337195;-56,2187858;Montevideo;Montevideo;1;1020;370
385;ARDAL S.A.;SUPERMERCADO FENIX;Rondeau 2132 ;NULL;Centro;3;Sin Cadena;-34,8908196;-56,1950466;Montevideo;Montevideo;1;1020;200
386;PILECOR S.A.;Super del Fuerte;Del Fuerte 5302;9;Maroñas;4;Red Expres;-34,8519552;-56,1176727;Montevideo;Montevideo;3;3959;290
398;Polakof  y Cía.  S.A.;El Dorado - Rocha Ruta;Ruta 9 Km. 207;NULL;Interior;3;El Dorado;-34,4793447;-54,3496328;Rocha;Rocha;14;14320;384
399;Polakof  y Cía.  S.A.;El Dorado - Florencio Sánchez ;Florencio Sanchez 150 ;NULL;Interior;3;El Dorado;-34,479346;-54,3332175;Rocha;Rocha;14;14320;274
415;Ta-Ta SA;Ta - Ta - Hiper Salto II;Grito de Ascencio 1499;NULL;Interior;10;Ta - Ta;-31,3728624;-57,9672763;Salto;Salto;15;15120;NULL
416;Obacor S.A.;Supercoco;Cesar Mayo Gutierrez S/N;NULL;Interior;5;Sin Cadena;-34,7567721;-56,2361593;La Paz;Canelones;3;3321;NULL
419;Ta-Ta SA;Ta - Ta Mercado Agrícola;Jose L Terra 2220;NULL;Goes;7;Ta - Ta;34,8867458;-56,1850919;Montevideo;Montevideo;1;1020;558
420;DALTIRO S.A.;El Clon - Rivera;33 Orientales 1060;NULL;Interior;4;El Clon;-30,9006761;-55,5449124;Rivera;Rivera;13;13220;NULL
421;DALTIRO S.A.;El Clon - Tranqueras;18 de Julio s/nº;NULL;Interior;2;El Clon;-31,1656156;-55,7661092;Tranqueras;Rivera;13;13522;NULL
422;EDANUR SA;Supermercado Abril;Av. Río de la Plata 131;NULL;Interior;7;Sin Cadena;-34,7631664;-56,3982541;Ciudad del Plata;San José;16;16824;450
423;DALTIRO S.A.;El Clon - Nuevocentro;Luis Alberto de Herrera 3365 ;NULL;Mercado Modelo;2;El Clon;-34,8698944;-56,1674027;Montevideo;Montevideo;1;1020;NULL
428;DALTIRO S.A.;EL Clon - Costa Urbana;Av. Giannattassio 21 local 285;NULL;Interior;1;El Clon;-34,8437977;-55,9985533;Ciudad de la Costa;Canelones;3;3831;297
429;Odaler S.A.;Hipermercado Géant ;Gualeguay 3350 006;NULL;Brazo Oriental;34;Géant;-34,8679708;-56,1723261;Montevideo;Montevideo;1;1020;NULL
430;Macromercado Mayorista S.A.;Macromercado Mayorista - Rivera;Julio M. Sosa 1726;NULL;Interior;26;Macromercado Mayorista;-30,9211011;-55,5419035;Rivera;Rivera;13;13220;NULL
432;Ageran SA;Supermercado El Tio II;Garibaldi 2876;NULL;Parque Batlle ;4;Red Expres;-34,8904831;-56,1574807;Montevideo;Montevideo;1;1020;270
433;Polakof  y Cía.  S.A.;El Dorado - General Artigas;Gral. Artigas  1069;NULL;Interior;8;El Dorado;-34,4815129;-54,3349959;Rocha;Rocha;14;14320;NULL
480;Polakof  y Cía.  S.A.;El Dorado - Antares;Av. Nicolas Solari esq. Antares;NULL;Interior;7;El Dorado;-34,6605601;-54,1565232;La Paloma;Rocha;14;14722;750
481;Polakof  y Cía.  S.A.;El Dorado - Playa Pascual;Río de la Plata esq. Acuña de Figueroa;NULL;Interior;6;El Dorado;-34,7414009;-56,4519864;Ciudad del Plata;San José;16;16824;600
482;Supermercados Disco del Uruguay S.A.;Disco - LIBERTAD;Wilson Ferreira Aldunate esq. José E. Rodó ;NULL;Interior;7;Disco;-34,6374654;-56,6206929;Libertad;San José;16;16421;748
483;Mercados Devoto S.A.;Devoto Express - 21 de Setiembre;21 de Setiembre 2715;NULL;Punta Carretas;2;Devoto Express;-34,91703959;-56,15789414;Montevideo;Montevideo;1;1020;200
484;Mercados Devoto S.A.;Devoto Express - Rivera;Av. Gral. Rivera 3482 ;NULL;Pocitos;2;Devoto Express;-34,9013653;-56,1390187;Montevideo;Montevideo;1;1020;192
485;Mercados Devoto S.A.;Devoto Express - 18 de Julio;18 de Julio 2010 ;NULL;Cordón;3;Devoto Express;-34,9005732;-56,1723603;Montevideo;Montevideo;1;1020;199
486;Mercados Devoto S.A.;Devoto Express - Benito Blanco;Benito Blanco 921 ;NULL;Pocitos;2;Devoto Express;-34,9136383;-56,1488337;Montevideo;Montevideo;1;1020;145
487;Mercados Devoto S.A.;Devoto Express - Yi;Yi 1471 ;NULL;Centro;3;Devoto Express;-34,9034457;-56,1893865;Montevideo;Montevideo;1;1020;199
488;Mercados Devoto S.A.;Devoto Express - Bulevar y Canelones;Br. Artigas 1205 ;NULL;Cordón;3;Devoto Express;-34,9083846;-56,1633164;Montevideo;Montevideo;1;1020;200
489;Mercados Devoto S.A.;Devoto Express - Cassinoni;M. Cassinoni 1673 ;NULL;Tres Cruces;3;Devoto Express;-34,8962538;-56,1661032;Montevideo;Montevideo;1;1020;192
490;Mercados Devoto S.A.;Devoto Express - Gorlero;Gorlero esq. Calle 25;NULL;Interior;3;Devoto Express;-34,9619529;-54,9434181;Punta del Este;Maldonado;10;10524;148
491;Mercados Devoto S.A.;Devoto Express - Mercedes;Mercedes 949 ;NULL;Centro;3;Devoto Express;-34,9043274;-56,1960812;Montevideo;Montevideo;1;1020;155
492;Mercados Devoto S.A.;Devoto Express - 18 y Vazquez;18 de Julio 1492 ;NULL;Centro;3;Devoto Express;-34,9049206;-56,1836491;Montevideo;Montevideo;1;1020;193
493;Mercados Devoto S.A.;Devoto Express - Bulevar y Nicaragua;Br. Artigas 1986 ;NULL;Tres Cruces;3;Devoto Express;-34,8924996;-56,1651425;Montevideo;Montevideo;1;1020;143
494;Mercados Devoto S.A.;Devoto Express - Atlántida;Calle 20 esq. Calle 1;NULL;Interior;4;Devoto Express;-34,7695189;-55,7555706;Atlántida;Canelones;3;3621;198
499;USSEL S.A.;FROG 2;Libano 1428 ;NULL;Punta Gorda;2;Frog;-34,8939952;-56,0715016;Montevideo;Montevideo;1;1020;200
500;USSEL S.A.;FROG 1;Av. Brasil 2968 ;NULL;Pocitos;3;Frog;-34,9115295;-56,1514363;Montevideo;Montevideo;1;1020;140
501;USSEL S.A.;FROG 3;Av. Rivera 3090;NULL;Pocitos;4;Frog;-34,9031063;-56,1511507;Montevideo;Montevideo;1;1020;200
502;USSEL S.A.;FROG 4;Gariel Pereira 3234;NULL;Pocitos;3;Frog;-34,9102968;-56,1492743;Montevideo;Montevideo;1;1020;NULL
503;USSEL S.A.;FROG 6;Pérez Castellano 1478;NULL;Ciudad Vieja;4;Frog;-34,9071259;-56,2128861;Montevideo;Montevideo;1;1020;200
504;USSEL S.A.;FROG 7;Cavia 3058;NULL;Pocitos;3;Frog;-34,9135478;-56,1534973;Montevideo;Montevideo;1;1020;150
505;USSEL S.A.;FROG 8;Pérez Castellano 1473;NULL;Ciudad Vieja;1;Frog;-34,9071757;-56,2130347;Montevideo;Montevideo;1;1020;35
506;USSEL S.A.;FROG 9;Gonzalo Ramírez 1345;NULL;Barrio Sur;3;Frog;-34,9121608;-56,1884416;Montevideo;Montevideo;1;1020;214
507;USSEL S.A.;FROG 10;Gabriela Mistral 2201;NULL;Interior;4;Frog;-34,8647635;-56,0531751;Ciudad de la Costa;Canelones;3;3831;220
508;USSEL S.A.;FROG 11;Gabrel Pereira 2984;NULL;Pocitos;3;Frog;-34,9064626;-56,1530187;Montevideo;Montevideo;1;1020;130
509;USSEL S.A.;FROG 12;Bvar Artigas 3750;NULL;Atahualpa;3;Frog;-34,8707988;-56,1868494;Montevideo;Montevideo;1;1020;200
510;Vasiliki S.A,;EL REMATE ;Torres Garcia y Wilson Ferreira Aldunate;NULL;Interior ;3;Sin Cadena;-34,7245466;-56,213898;Las Piedras;Canelones;3;3221;NULL
512;Mercados Devoto S.A.;Devoto Express - Piedras;Piedras 266 ;NULL;Ciudad Vieja;3;Devoto Express;-34,9061898;-56,2117613;Montevideo;Montevideo;1;1020;198
513;Clistor S.A.;Supermercado 18;Pablo Galarza 653 ;NULL;Interior;6;Red Expres;-33,38617018;-56,52461142;Durazno;Durazno;6;6220;400
514;Coboe S.A.;Farmashop 1;Camino Ariel 4626 ;NULL;Sayago;4;Farmashop;-34,83494;-56,212849;Montevideo;Montevideo;1;1020;81
515;Coboe S.A.;Farmashop 2;Ruta 8 km. 30.500 ;NULL;Interior;2;Farmashop;-34,7146;-55,958447;Pando;Canelones;3;3322;105
516;Coboe S.A.;Farmashop 3;Av. Rivera 2755;NULL;Parque Batlle;4;Farmashop;-34,90277;-56,155118;Montevideo;Montevideo;1;1020;280
517;Coboe S.A.;Farmashop 4;Av. Fco. Piria ;NULL;Interior;3;Farmashop;-34,86453;-55,269655;Piriápolis;Maldonado;10;10523;90
518;Coboe S.A.;Farmashop 5;Agraciada  3655;NULL;Prado ;3;Farmashop;-34,86502;-56,209881;Montevideo;Montevideo;1;1020;56
519;Coboe S.A.;Farmashop 6;Av. Italia  6958;NULL;Carrasco;3;Farmashop;-34,87699;-56,057317;Montevideo;Montevideo;1;1020;42
520;Coboe S.A.;Farmashop 7;Av. Roosevelt 10;NULL;Interior;4;Farmashop;-34,93358;-54,939508;Punta del Este;Maldonado;10;10524;92
521;Coboe S.A.;Farmashop 8;Pagola 3205;NULL;Pocitos;3;Farmashop;-34,90698;-56,145643;Montevideo;Montevideo;1;1020;114
522;Coboe S.A.;Farmashop 9;Av. Suárez  3458;NULL;Prado ;2;Farmashop;-34,86326;-56,196026;Montevideo;Montevideo;1;1020;49
523;Coboe S.A.;Farmashop 10;San Martín 3083;NULL;Goes;2;Farmashop;-34,86717;-56,181048;Montevideo;Montevideo;1;1020;NULL
524;Coboe S.A.;Farmashop 11;Luís A. de Herrera  2368;NULL;La Blanqueada;6;Farmashop;-34,88417;-56,150707;Montevideo;Montevideo;1;1020;268
525;Coboe S.A.;Farmashop 12;Juan Benito Blanco 1098;NULL;Pocitos;2;Farmashop;-34,91099;-56,147274;Montevideo;Montevideo;1;1020;61
526;Coboe S.A.;Farmashop 13;Scosería  2614;NULL;Pocitos;2;Farmashop;-34,91483;-56,155679;Montevideo;Montevideo;1;1020;148
527;Coboe S.A.;Farmashop 14;Enrique Legrand 5085;NULL;Malvín;2;Farmashop;-34,88949;-56,097571;Montevideo;Montevideo;1;1020;37
528;Coboe S.A.;Farmashop 15;21 de Setiembre 2867;NULL;Pocitos;2;Farmashop;-34,91887;-56,155491;Montevideo;Montevideo;1;1020;62
529;Coboe S.A.;Farmashop 16;Arocena  1657;NULL;Carrasco;3;Farmashop;-34,88727;-56,057655;Montevideo;Montevideo;1;1020;47
530;Coboe S.A.;Farmashop 17;ANCAP Maldonado. Roosevelt. ;NULL;Interior;6;Farmashop;-34,9141;-54,960909;Punta del Este;Maldonado;10;10524;258
531;Coboe S.A.;Farmashop 18;Avenida Brasil 2851;NULL;Pocitos;2;Farmashop;-34,91002;-56,152524;Montevideo;Montevideo;1;1020;57
532;Coboe S.A.;Farmashop 19;Almería 4701;NULL;Malvín;4;Farmashop;-34,89445;-56,107683;Montevideo;Montevideo;1;1020;176
533;Coboe S.A.;Farmashop 20;Av. Italia  2490;NULL;Tres Cruces;5;Farmashop;-34,89457;-56,163743;Montevideo;Montevideo;1;1020;221
534;Coboe S.A.;Farmashop 21;Colonia 903;NULL;Centro;4;Farmashop;-34,90527;-56,197003;Montevideo;Montevideo;1;1020;72
535;Coboe S.A.;Farmashop 22;Luis Franzini 806;NULL;Pocitos;3;Farmashop;-34,91635;-56,158356;Montevideo;Montevideo;1;1020;61
536;Coboe S.A.;Farmashop 23;Agraciada  4269;NULL;Prado ;2;Farmashop;-34,85428;-56,221963;Montevideo;Montevideo;1;1020;83
537;Coboe S.A.;Farmashop 24;21 de Setiembre 2459;NULL;Parque Rodó;2;Farmashop;-34,91338;-56,16203;Montevideo;Montevideo;1;1020;81
538;Coboe S.A.;Farmashop 25;Av. Rivera  4241;NULL;Buceo;2;Farmashop;-34,89591;-56,122049;Montevideo;Montevideo;1;1020;71
539;Coboe S.A.;Farmashop 26;Bvar. España 2856;NULL;Pocitos;3;Farmashop;-34,91452;-56,152047;Montevideo;Montevideo;1;1020;59
540;Coboe S.A.;Farmashop 27;Garzón 1925;NULL;Colón ;5;Farmashop;-34,8067;-56,222106;Montevideo;Montevideo;1;1020;150
541;Coboe S.A.;Farmashop 28;8 de Octubre 3268;NULL;La Blanqueada;6;Farmashop;-34,88068;-56,149998;Montevideo;Montevideo;1;1020;360
542;Coboe S.A.;Farmashop 29;8 de Octubre 3749;NULL;Unión;5;Farmashop;-34,87511;-56,140752;Montevideo;Montevideo;1;1020;223
543;Coboe S.A.;Farmashop 30;Rivera  609;NULL;Interior;2;Farmashop;-34,72724;-56,215899;Las Piedras;Canelones;3;3221;NULL
544;Coboe S.A.;Farmashop 31;Av. Artigas 539;NULL;Interior;2;Farmashop;-34,72678;-56,214349;Las Piedras;Canelones;3;3221;56
545;Coboe S.A.;Farmashop 32;Cno. Carrasco 4473;NULL;Malvín;2;Farmashop;-34,87266;-56,122168;Montevideo;Montevideo;1;1020;88
546;Coboe S.A.;Farmashop 33;18 de Julio  1487;NULL;Unión;3;Farmashop;-34,90477;-56,183811;Montevideo;Montevideo;1;1020;NULL
547;Coboe S.A.;Farmashop 34;8 de Octubre 4002;NULL;Unión;2;Farmashop;-34,87212;-56,135622;Montevideo;Montevideo;1;1020;70
548;Coboe S.A.;Farmashop 35;Av. Gral. Artigas 1068;NULL;Interior;2;Farmashop;-34,72446;-55,958874;Pando;Canelones;3;3322;NULL
549;Coboe S.A.;Farmashop 36;San Martín 3402;NULL;Brazo Oriental;2;Farmashop;-34,86314;-56,178955;Montevideo;Montevideo;1;1020;42
550;Coboe S.A.;Farmashop 37;8 de Octubre 3439;NULL;Unión;2;Farmashop;-34,87924;-56,147589;Montevideo;Montevideo;1;1020;141
551;Coboe S.A.;Farmashop 38;Av. Sarmiento 2445;NULL;Parque Rodó;1;Farmashop;-34,91442;-56,160366;Montevideo;Montevideo;1;1020;NULL
552;Coboe S.A.;Farmashop 39;Av. Brasil 2703;NULL;Pocitos;2;Farmashop;-34,9084;-56,155533;Montevideo;Montevideo;1;1020;NULL
553;Coboe S.A.;Farmashop 40;Gabriel Pereira 3209;NULL;Pocitos;2;Farmashop;-34,91001;-56,147149;Montevideo;Montevideo;1;1020;38
554;Coboe S.A.;Farmashop 41;25 de mayo 293;NULL;Interior;2;Farmashop;-31,71424;-55,983073;Tacuarembó;Tacuarembó;18;18220;NULL
555;Coboe S.A.;Farmashop 42;Av. Luis P. Ponce 1507;NULL;Parque Batlle;2;Farmashop;-34,90027;-56,159597;Montevideo;Montevideo;1;1020;61
556;Coboe S.A.;Farmashop 43;18 de Julio 1331;NULL;Malvín;2;Farmashop;-34,90559;-56,187317;Montevideo;Montevideo;1;1020;NULL
557;Coboe S.A.;Farmashop 44;Gral. Flores 3315;NULL;Brazo Oriental;2;Farmashop;-34,86634;-56,171962;Montevideo;Montevideo;1;1020;25
558;Coboe S.A.;Farmashop 45;Barra de Carrasco  Av. del Parque 77  ;NULL;Interior;3;Farmashop;-34,86884;-56,021134;Parque Carrasco;Canelones;3;3727;136
559;Coboe S.A.;Farmashop 46;Presidente Berro 530;NULL;Interior;3;Farmashop;-34,8902;-56,056453;Trinidad;Flores;7;7320;NULL
560;Coboe S.A.;Farmashop 47;Av. Italia  3428;NULL;La Blanqueada;2;Farmashop;-34,88759;-56,143421;Montevideo;Montevideo;1;1020;53
561;Coboe S.A.;Farmashop 48;Legrand 4856;NULL;Malvín;2;Farmashop;-34,88807;-56,10321;Montevideo;Montevideo;1;1020;46
562;Coboe S.A.;Farmashop 49;Avda. de las Américas  6000;NULL;Interior;2;Farmashop;-34,86974;-56,030996;Paso de Carrasco;Canelones;3;3525;NULL
563;Coboe S.A.;Farmashop 50;Br. España 2169;NULL;Parque Rodó;2;Farmashop;-34,90878;-56,168763;Montevideo;Montevideo;1;1020;37
564;Coboe S.A.;Farmashop 51;Orinoco 4997;NULL;Malvín;2;Farmashop;-34,89564;-56,101161;Montevideo;Montevideo;1;1020;52
565;Coboe S.A.;Farmashop 52;20 de setiembre  1525;NULL;Pocitos;2;Farmashop;-34,90107;-56,163162;Montevideo;Montevideo;1;1020;66
566;Coboe S.A.;Farmashop 53;Av Italia 4280;NULL;Buceo;2;Farmashop;-34,8954;-56,143083;Montevideo;Montevideo;1;1020;320
567;Coboe S.A.;Farmashop 54;Solymar  Av. Giannattasio KM 22.800 ;NULL;Interior;2;Farmashop;-34,82942;-55,971309;Solymar;Canelones;3;3732;48
568;Coboe S.A.;Farmashop 55;18 de Julio 1999;NULL;Centro;4;Farmashop;-34,90057;-56,17289;Montevideo;Montevideo;1;1020;135
569;Coboe S.A.;Farmashop 56;Francisco J. Muñoz 2951;NULL;Pocitos;2;Farmashop;-34,90678;-56,149745;Montevideo;Montevideo;1;1020;92
570;Coboe S.A.;Farmashop 57;Rivera 3500;NULL;Pocitos;5;Farmashop;-34,90135;-56,138603;Montevideo;Montevideo;1;1020;165
571;Coboe S.A.;Farmashop 58;Av. Italia  3815;NULL;Unión ;2;Farmashop;-34,88635;-56,130289;Montevideo;Montevideo;1;1020;123
572;Coboe S.A.;Farmashop 60;Av. Brasil 2500;NULL;Pocitos;2;Farmashop;-34,90722;-56,16007;Montevideo;Montevideo;1;1020;182
573;Coboe S.A.;Farmashop 61;Av. Agraciada 4104;NULL;Prado ;2;Farmashop;-34,85829;-56,217289;Montevideo;Montevideo;1;1020;125
574;Coboe S.A.;Farmashop 62;Bvar. Artigas 1481;NULL;Parque Batlle ;2;Farmashop;-34,9014;-56,164521;Montevideo;Montevideo;1;1020;20
575;Coboe S.A.;Farmashop 63;Artigas 561;NULL;Interior;2;Farmashop;-34,33947;-56,714673;San José de Mayo;San José;16;16220;NULL
576;Coboe S.A.;Farmashop 64;Peatonal Sarandí  508;NULL;Ciudad Vieja;3;Farmashop;-34,90731;-56,204173;Montevideo;Montevideo;1;1020;218
577;Coboe S.A.;Farmashop 65;Av. Ceberio  581;NULL;Interior;2;Farmashop;-34,79578;-54,9222;San Carlos;Maldonado;10;10321;NULL
578;Coboe S.A.;Farmashop 66;Manuel Melendez 1135;NULL;Interior;2;Farmashop;-34,79292;-54,914852;Treinta y Tres;Treinta y Tres;10;10321;NULL
579;Coboe S.A.;Farmashop 67;18 de Julio 1011;NULL;Interior;2;Farmashop;-34,7927;-54,920549;San Carlos;Maldonado;10;10321;95
580;Coboe S.A.;Farmashop 68;Av. Italia  2839;NULL;Parque Batlle;2;Farmashop;-34,89055;-56,153425;Montevideo;Montevideo;1;1020;261
581;Coboe S.A.;Farmashop 69;Av. Luis Batlle Berres  6149;NULL;Paso de la Arena;3;Farmashop;-34,83901;-56,262265;Montevideo;Montevideo;1;1020;65
582;Coboe S.A.;Farmashop 70;Uruguayana 3501;NULL;Capurro ;2;Farmashop;-34,86985;-56,209565;Montevideo;Montevideo;1;1020;53
583;Coboe S.A.;Farmashop 71;Ruta 10 Av Eduardo V. Haedo entre Las Brisas y Los romances 209;NULL;Interior;2;Farmashop;-34,91535;-54,855725;La Barra;Maldonado;10;10942;NULL
584;Coboe S.A.;Farmashop 72;Cno. Ariel 4939;NULL;Sayago;2;Farmashop;-34,83294;-56,217837;Montevideo;Montevideo;1;1020;50
585;Coboe S.A.;Farmashop 73;Gral. Paz 1447;NULL;Punta Gorda;2;Farmashop;-34,89253;-56,079651;Montevideo;Montevideo;1;1020;60
586;Coboe S.A.;Farmashop 74;Lagomar  Av. Giannattasio KM 21.800 ;NULL;Interior;3;Farmashop;-34,83428;-55,980075;Lagomar;Canelones;3;3831;219
587;Coboe S.A.;Farmashop 75;Av. Gorlero ;NULL;Interior;2;Farmashop;-34,95926;-54,94039;Punta del Este;Maldonado;10;10524;31
588;Coboe S.A.;Farmashop 76;Av. Gorlero 780;NULL;Interior;2;Farmashop;-34,96241;-54,943305;Punta del Este;Maldonado;10;10524;58
589;Coboe S.A.;Farmashop 77;Arocena 1980;NULL;Carrasco;3;Farmashop;-34,88111;-56,061216;Montevideo;Montevideo;1;1020;50
590;Coboe S.A.;Farmashop 78;Alberdi 6502;NULL;Carrasco;2;Farmashop;-34,88033;-56,066603;Montevideo;Montevideo;1;1020;47
591;Coboe S.A.;Farmashop 79;Aparicio Saravia 649;NULL;Interior;2;Farmashop;-32,37061;-54,168661;Melo;Cerro Largo;4;4220;160
592;Coboe S.A.;Farmashop 80;Oribe 898;NULL;Interior;2;Farmashop;-32,3763;-54,165164;Melo;Cerro Largo;4;4220;70
593;Coboe S.A.;Farmashop 81;Florencio Sanchez 898;NULL;Interior;2;Farmashop;-32,36917;-54,16454;Melo;Cerro Largo;4;4220;105
594;Coboe S.A.;Farmashop 82;18 de Julio 1395;NULL;Interior;2;Farmashop;-32,31768;-58,076983;Paysandú;Paysandú;11;11120;67
595;Coboe S.A.;Farmashop 83;18 de Julio 1119;NULL;Interior;2;Farmashop;-32,31691;-58,084021;Paysandú;Paysandú;11;11120;225
596;Coboe S.A.;Farmashop 84;Av. Carlos Lecueder 250;NULL;Interior;2;Farmashop;-30,39974;-56,46441;Artigas;Artigas;11;11120;NULL
597;Coboe S.A.;Farmashop 86;18 de Julio 1676;NULL;Interior;2;Farmashop;-32,70324;-57,632374;Young;Río Negro;12;12421;47
598;Coboe S.A.;Farmashop 87;18 de Julio  953;NULL;Interior;2;Farmashop;-32,69879;-57,62485;Young;Río Negro;12;12421;79
599;Coboe S.A.;Farmashop 88;Roosevelt esq. Camachop 0;NULL;Interior;2;Farmashop;-34,91565;-54,960412;Maldonado;Maldonado;10;10320;38
600;Coboe S.A.;Farmashop 89;Carlos M Ramirez 802;NULL;La Teja;2;Farmashop;-34,86466;-56,233994;Montevideo;Montevideo;1;1020;33
601;Coboe S.A.;Farmashop 90;Luis A. de Herrera   3365;NULL;Brazo Oriental;5;Farmashop;-34,86938;-56,169181;Montevideo;Montevideo;1;1020;305
602;Coboe S.A.;Farmashop 91;Rodo  550;NULL;Interior;2;Farmashop;-33,25084;-58,033156;Mercedes;Soriano;17;17220;47
603;Coboe S.A.;Farmashop 92;Artigas  289;NULL;Interior;2;Farmashop;-33,24781;-58,029509;Mercedes;Soriano;17;17220;NULL
604;Coboe S.A.;Farmashop 94;Calle 11 s/n  ;NULL;Interior;3;Farmashop;-34,77391;-55,761469;Atlántida;Canelones;3;3621;68
605;Coboe S.A.;Farmashop 95;Gral. Manuel Oribe 751;NULL;Interior;2;Farmashop;-33,38049;-56,52314;Durazno;Durazno;6;6220;145
606;Coboe S.A.;Puntoshop 2;21 de Setiembre 2855;NULL;Punta Carretas;3;Farmashop;-34,91898;-56,155542;Montevideo;Montevideo;1;1020;109
607;Coboe S.A.;Puntoshop 4;Sarandi  822;NULL;Interior;3;Farmashop;-34,90616;-54,957705;Maldonado;Maldonado;10;10320;145
608;Coboe S.A.;Puntoshop 5;Av. Gral. Artigas  1068;NULL;Interior;3;Farmashop;-34,72439;-55,958768;Pando;Canelones;3;3322;315
609;Coboe S.A.;Puntoshop 6;8 de Octubre 3691;NULL;Unión;2;Farmashop;-34,87562;-56,142005;Montevideo;Montevideo;1;1020;52
663;San Roque S.A.;San Roque Cordón;18 de Julio 1551 ;NULL;Cordón;2;San Roque;-34,904306;-56,182333;Montevideo;Montevideo;1;1020;133
664;San Roque S.A.;San Roque Centro;18 de Julio 1078 ;NULL;Centro;3;San Roque;-34,906083;-56,192722;Montevideo;Montevideo;1;1020;222
665;San Roque S.A.;San Roque Costa Urbana;Av. Giannattassio Km. 21.0;NULL;Interior;2;San Roque;-34,865944;-56,024083;Ciudad de la Costa;Canelones;3;3831;140
666;San Roque S.A.;San Roque Yí;18 de Julio 1252 ;NULL;Centro;2;San Roque;-34,905722;-56,189028;Montevideo;Montevideo;1;1020;111
667;San Roque S.A.;San Roque MAM;José L. Terra 2220 ;1;Aguada;1;San Roque;-34,886806;-56,18375;Montevideo;Montevideo;1;1020;55
668;San Roque S.A.;San Roque Montevideo Shopping;Avenida Luis Alberto de Herrera 1290 119;NULL;Buceo;3;San Roque;-34,903083;-56,136139;Montevideo;Montevideo;1;1020;202
669;San Roque S.A.;San Roque Portones Shopping;Av Italia 5775 203;NULL;Carrasco;3;San Roque;-34,881417;-56,081056;Montevideo;Montevideo;1;1020;290
670;San Roque S.A.;San Roque Tres Cruces Shopping;Bulevar Gral. Artigas 1825 ;NULL;Tres Cruces;4;San Roque;-34,893806;-56,166111;Montevideo;Montevideo;1;1020;170
671;San Roque S.A.;San Roque Punta Carretas Shopping;José Ellauri 350 109;NULL;Punta Carretas;3;San Roque;-34,924028;-56,158333;Montevideo;Montevideo;1;1020;116
672;San Roque S.A.;San Roque Punta del Este Shopping;P.7 - Playa Mansa esq. Ave Roosevelt;NULL;Interior;3;San Roque;-34,940361;-54,934222;Punta del Este;Maldonado;10;10524;92
673;San Roque S.A.;San Roque Cerro;Carlos Ma Ramirez 1490 ;NULL;Cerro;2;San Roque;-34,872889;-56,246806;Montevideo;Montevideo;1;1020;56
674;San Roque S.A.;San Roque Parque Roosevelt;Av a la Playa Ciudad de la Costa 1 ;NULL;Interior;1;San Roque;-34,866;-56,024222;Ciudad de la Costa;Canelones;3;3831;123
675;San Roque S.A.;San Roque Salto Shopping;Av. Jose Batlle y Ordoñez 2265 117;NULL;Interior;1;San Roque;-31,38425;-57,944;Salto;Salto;15;15120;111
676;San Roque S.A.;San Roque Universidad;18 de Julio 1835 ;NULL;Cordón;2;San Roque;-34,902028;-56,176528;Montevideo;Montevideo;1;1020;95
677;San Roque S.A.;San Roque Ellauri;Ellauri 452 ;NULL;Punta Carretas;1;San Roque;-34,92375;-56,158194;Montevideo;Montevideo;1;1020;83
678;San Roque S.A.;San Roque Mercedes Shopping;Don Bosco 734 ;NULL;Interior;1;San Roque;-33,257139;-58,027694;Mercedes;Soriano;17;17220;62
679;San Roque S.A.;San Roque Aeropuerto;101 Km. 19.95;NULL;Interior;1;San Roque;-34,814944;-58,534694;Ciudad de la Costa;Canelones;3;3831;93
680;San Roque S.A.;San Roque Punta del Este Shopping;Playa Mansa esq. Ave Roosevelt;NULL;Interior;1;San Roque;-34,940361;-54,934222;Punta del Este;Maldonado;10;10524;76
681;San Roque S.A.;San Roque Benito Blanco;Gabriel Pereyra 3298 ;NULL;Pocitos;1;San Roque;-34,911222;-56,146139;Montevideo;Montevideo;1;1020;75
682;San Roque S.A.;San Roque Colonia Shopping;Av Roosevelt esq. Luís Casanello;NULL;Interior;1;San Roque;-34,465806;-57,8345;Colonia del Sacramento;Colonia;5;5320;74
683;San Roque S.A.;San Roque Ciudad Vieja;Sarandí 667 ;NULL;Ciudad Vieja;1;San Roque;-34,906611;-56,201194;Montevideo;Montevideo;1;1020;96
684;San Roque S.A.;San Roque Unión;8 de Octubre 3640 ;NULL;Unión;1;San Roque;-34,876944;-56,143528;Montevideo;Montevideo;1;1020;69
685;San Roque S.A.;San Roque Mercedes ;Colon 278 ;NULL;Interior;1;San Roque;-33,257278;-58,028667;Mercedes;Soriano;17;17220;105
686;San Roque S.A.;San Roque Salto Centro;Uruguay 839 ;NULL;Interior;1;San Roque;-31,387528;-57,964694;Salto;Salto;15;15120;187
687;San Roque S.A.;San Roque Fray Bentos;18 de Julio 1707 ;NULL;Interior;1;San Roque;-33,122806;-58,304028;Fray Bentos;Río Negro;12;12320;93
688;San Roque S.A.;San Roque Paysandú;19 de Abril 914 ;NULL;Interior;1;San Roque;-32,317861;-58,084028;Paysandú;Paysandú;11;11120;175
689;San Roque S.A.;San Roque Trinidad;Francisco Fondar 649 ;NULL;Interior;1;San Roque;-33,51775;-56,897389;Trinidad;Flores;7;7320;37
690;San Roque S.A.;San Roque Colonia Centro;Av. Artigas 389 ;NULL;Interior;1;San Roque;-33,51775;-56,897389;Colonia del Sacramento;Colonia;5;5320;182
691;San Roque S.A.;San Roque Durazno Centro;18 de Julio 549 ;NULL;Interior;1;San Roque;-33,378472;-56,523111;Durazno;Durazno;6;6220;137
692;San Roque S.A.;San Roque Durazno Ruta;Morquio 800 ;NULL;Interior;1;San Roque;-33,384111;-56,520278;Durazno;Durazno;6;6220;25
693;San Roque S.A.;San Roque Rivera;Sarandí 665 ;NULL;Interior;1;San Roque;-30,901778;-55,540861;Rivera;Rivera;13;13220;40
694;San Roque S.A.;San Roque Arocena;Arocena 1681 ;NULL;Carrasco;2;San Roque;-34,886778;-56,058667;Montevideo;Montevideo;1;1020;100
695;Mercados Devoto S.A.;Devoto Express - Ciudadela;Sarandi 700 ;NULL;Ciudad Vieja;3;Devoto Express;-34,9065514;-56,2009051;Montevideo;Montevideo;1;1020;181
696;Mercados Devoto S.A.;Devoto Express - Centenario;Av. Centenario 2971 ;NULL;La Blanqueada;3;Devoto Express;-34,8860963;-56,1531658;Montevideo;Montevideo;1;1020;196
697;Mercados Devoto S.A.;Devoto Express - Maldonado;Maldonado 902 ;NULL;Barrio Sur;3;Devoto Express;-34,9100729;-56,1965548;Montevideo;Montevideo;1;1020;134
698;Mercados Devoto S.A.;Devoto Express - 18 de julio IV;18 de Julio 2160;NULL;Tres Cruces;3;Devoto Express;-34,8990938;-56,1685676;Montevideo;Montevideo;1;1020;121
699;Farmazul S.A;Pigalle Lyon;18 de julio 2102 ;NULL;Cordón;1;Pigalle;-34,8995753;-56,1697701;Montevideo;Montevideo;1;1020;235
700;Farsolis S.A;Pigalle Marazul;18 de julio 2151 ;NULL;Cordón;1;Pigalle;-34,8991372;-56,1687484;Montevideo;Montevideo;1;1020;167
701;Farsolis S.A;Pigalle Cordón;18 de julio 2051 ;NULL;Cordón;1;Pigalle;-34,8998189;-56,1731098;Montevideo;Montevideo;1;1020;452
702;Calafate S.A;Pigalle Mayo;Andes 1397 ;NULL;Centro;1;Pigalle;-34,9067268;-56,1980688;Montevideo;Montevideo;1;1020;140
703;Tresiglos S.A.;Pigalle Tres Cruces;E. Victor Haedo 2356 ;NULL;Tres Cruces;1;Pigalle;-34,8954741;-56,1659119;Montevideo;Montevideo;1;1020;77
704;Calousd S.A.;Pigalle 1 Pocitos;Buxareo 1158 ;NULL;Pocitos;1;Pigalle;-34,9080083;-56,1435764;Montevideo;Montevideo;1;1020;177
705;Karine S.A.;Pigalle 2 Pocitos;Av.Brasil 2570 ;NULL;Pocitos;1;Pigalle;-34,9077221;-56,1579642;Montevideo;Montevideo;1;1020;200
706;Natizei S.A;Pigalle 3 Pocitos;Benito Blanco 994 ;NULL;Pocitos;1;Pigalle;-34,9136346;-56,1488298;Montevideo;Montevideo;1;1020;303
707;Alenstar S.A.;Pigalle Palermo;Carlos M. Morales 946 esq. Gonzalo Ramirez;NULL;Palermo;1;Pigalle;-34,9152211;-56,1597292;Montevideo;Montevideo;1;1020;NULL
708;Alenstar S.A.;Pigalle Massone;Gabriel Pereira 3148 ;NULL;Pocitos;1;Pigalle;-34,9088869;-56,1483066;Montevideo;Montevideo;1;1020;80
709;Alenstar S.A.;Pigalle Domar;Manuel Pagola 3295 ;NULL;Pocitos;1;Pigalle;-34,9090111;-56,1453314;Montevideo;Montevideo;1;1020;70
710;Rampini e hijos Ltda.;Pigalle Hermes;Br. España 2508 ;NULL;Pocitos;1;Pigalle;-34,9112534;-56,1624701;Montevideo;Montevideo;1;1020;130
711;Fredy Ubaldo Alonzo Brito;Super Quico ;11 esq. 22 y 24 ;NULL;Interior;2;Sin Cadena;-34,7732896;-55,76257;Atlántida;Canelones;3;3621;300
712;Mercados Devoto S.A.;Devoto Express - Rivera II;Av. Gral. Rivera 2454 ;NULL;Pocitos;3;Devoto Express;-34,9026848;-56,1624983;Montevideo;Montevideo;1;1020;148
714;Mercados Devoto S.A.;Devoto Express - 18 de Julio III;Av. 18 de Julio 1764 ;NULL;Cordón;3;Devoto Express;-34,9027942;-56,1781647;Montevideo;Montevideo;1;1020;181
715;Mercados Devoto S.A.;Devoto Express - L.A. de Herrera;luis alberto herrera 2940 ;NULL;Larrañaga;3;Devoto Express;-34,8772147;-56,1567986;Montevideo;Montevideo;1;1020;278
716;Mercados Devoto S.A.;Devoto Express - Canelones;Canelones 1251 ;NULL;Barrio Sur;3;Devoto Express;-34,9085305;-56,1887753;Montevideo;Montevideo;1;1020;132
717;Polakof y CIA SA;El Dorado - Las Toscas;Mario Ferreira esq. ente calle E y D;NULL;Interior;5;El Dorado;-34,7704497;-55,7322023;Las Toscas;Canelones;3;3726;470
718;Polakof y CIA SA;El Dorado - Pinares ;Leandro Gomez esq. Lima;NULL;Interior;6;El Dorado;-34,8994876;-54,9952163;Pinares;Maldonado;10;10830;700
719;Polakof y CIA SA;El Dorado - Paso de los Toros;carlos berrutti esq. florencio sanchez;NULL;Interior;6;El Dorado;-32,8107573;-56,512083;Paso de los toros;Tacuarembó;18;18321;600
720;Mercados Devoto S.A.;Devoto Express - 21 Setiembre II;21 de setiembre 2998 ;NULL;Punta Carretas;3;Devoto Express;-34,9152324;-56,1597424;Montevideo;Montevideo;1;1020;119
721;Mercados Devoto S.A.;Devoto Express - Carrasco ;Cno Carrasco 6955 ;NULL;Carrasco Norte;3;Devoto Express;-34,8700963;-56,0751842;Montevideo;Montevideo;1;1020;184
722;Mercados Devoto S.A.;Devoto Express - Solymar ;Rambla Costanera esq. Saturno;NULL;Interior;3;Devoto Express;-34,8381924;-55,9643136;Ciudad de la Costa;Canelones;3;3831;197
723;Mercados Devoto S.A.;Devoto Express - Libertador ;Av. Libertador 1895 ;1;Aguada;2;Devoto Express;-34,8962272;-56,1898754;Montevideo;Montevideo;1;1020;148
724;Mercados Devoto S.A.;Devoto Express - Portal Américas ;Av. de las Americas 6000 ;NULL;Interior;5;Devoto Express;-34,867331;-56,0311719;Ciudad de la Costa;Canelones;3;3831;447
725;Mercados Devoto S.A.;Devoto Express - WTC ;Luis A. de Herrera 1248 Torre 01. Local 002;NULL;Pocitos;2;Devoto Express;-34,9044736;-56,1361532;Montevideo;Montevideo;1;1020;74
726;Mercados Devoto S.A.;Devoto Express - Yaguaron ;Venezuela 1409 ;1;Aguada;4;Devoto Express;-34,8936075;-56,1869573;Montevideo;Montevideo;1;1020;233
727;ERIZE S.A.;PLANETA BELLONI;Belloni 4575 ;NULL;Piedras Blancas;6;Planeta ;-34,8280015;-56,1406854;Montevideo;Montevideo;1;1020;NULL
728;Polakof  y Cía.  S.A.;El Dorado- La Tuna ;Charruas Esq Bulevar Artigas ;NULL;Interior;6;El Dorado;-34,7801127;-55,5629575;La Tuna ;Canelones ;3;3726;470
729;Mercados Devoto S.A.;Devoto Express - Oviedo;Oviedo 4723;NULL;Malvín;3;Devoto Express;-34,8870085;-56,1091871;Montevideo;Montevideo;1;1020;217
730;Mercados Devoto S.A.;Devoto Express-Misiones;Misiones 1373;NULL;Ciudad Vieja;2;Devoto Express;-34,9074645;-56,2411353;Montevideo;Montevideo;1;1020;199
731;Mercados Devoto S.A.;Devoto Express- L.A.Herrera II;L.A.Herrera 1056;NULL;Buceo;3;Devoto Express;-34,9087159;-56,1361425;Montevideo;Montevideo;1;1020;98
732;Mercados Devoto S.A.;Devoto Express-Sarandí;Sarandi 891;NULL;Interior;3;Devoto Express;-34,9064134;-56,2033817;Maldonado ;Maldonado;10;10320;195
733;Mercados Devoto S.A.;Devoto Express-San Jose;San Jose 1085;NULL;Centro ;2;Devoto Express;-34,9069038;-56,1949424;Montevideo;Montevideo;1;1020;120
734;Mercados Devoto S.A.;Devoto Express-Boulevard3;Av. Agraciada 3199;NULL;Prado ;1;Devoto Express;-34,8722845;-56,2043715;Montevideo;Montevideo;1;1020;137
735;Henderson y Cia.  S.A.;Tienda Inglesa - Solanas;Ruta Interbalnearia Km118 y Ruta 12;NULL;Interior;7;Tienda Inglesa;-34,87950612;-55,05286744;Punta del Este;Maldonado;10;10969;294
736;Henderson y Cia.  S.A.;Tienda Inglesa - Cordón;Arenal Grande 1605;NULL;Cordón;4;Tienda Inglesa;-34,8995534;-56,17523074;Montevideo;Montevideo;1;1020;190
737;Henderson y Cia.  S.A.;Tienda Inglesa - La Barra;Ruta 10 km 110;NULL;Interior;9;Tienda Inglesa;-34,91548744;-54,8556429;Punta del Este;Maldonado;10;10942;578
738;Alenstar S.A.;Pigalle Cielmar;Rincon 700 esq. Juncal;NULL;Ciudad Vieja;1;Pigalle;-34,9054842;-56,2013238;Montevideo;Montevideo;1;1020;NULL
739;Alenstar S.A.;Pigalle Canadá;Av. Bolivia 1429;NULL;Portones;1;Pigalle;-34,8930556;-56,0666667;Montevideo;Montevideo;1;1020;NULL
740;Alenstar S.A.;Pigalle Alvarez;Av. Garibaldi 2567 esq. Monte Caseros;NULL;La Comercial;1;Pigalle;-34,8838279;-56,1669688;Montevideo;Montevideo;1;1020;NULL
741;Alenstar S.A.;Pigalle Ponce;Rivera 2475 esq. Ponce;NULL;Goes;1;Pigalle;-34,9026893;-56,1618548;Montevideo;Montevideo;1;1020;NULL
742;Alenstar S.A.;Pigalle Punta Carretas;21 de setiembre 2948 ;NULL;Punta Carretas;1;Pigalle;-34,919649;-56,153426;Montevideo;Montevideo;1;1020;NULL
743;Mercados Devoto S.A.;Devoto Express Berro;Pedro Berro  1216;NULL;Pocitos;4;Devoto Express;-34,9102768;-56,1479359;Montevideo;Montevideo;1;1020;NULL
744;Mercados Devoto S.A.;Devoto Express Rondeau;Av. Gral Rondeau 2132;1;Aguada;3;Devoto Express;-34,893882;-56,1616155;Montevideo;Montevideo;1;1020;NULL
745;Mercados Devoto S.A.;Devoto Express Av. Italia;Av. Italia 2484;NULL;Tres Cruces;3;Devoto Express;-34,8937769;-56,1617219;Montevideo;Montevideo;1;1020;NULL
746;Coboe S.A.;Farmashop 85 85;Gral. Flores 405 1;NULL;Interior;3;Farmashop;-34,4706418;-57,8454824;Colonia del Sacramento;Colonia;5;5320;NULL
747;Coboe S.A.;Farmashop 85;Gral. Flores 450 7;NULL;Interior;3;Farmashop;-34,470609;-57,8450993;Colonia del Sacramento;Colonia;5;5320;NULL
748;Coboe S.A.;Farmashop 59;Avenida Italia 3949 1;NULL;Malvín;3;Farmashop;-34,8866011;-56,1262941;Montevideo;Montevideo;1;1020;NULL
749;Coboe S.A.;Farmashop 93;Dr. Pouey 607 1;NULL;Interior;3;Farmashop;-34,727518;-56,2236033;Las Piedras;Canelones;3;3221;NULL
750;Coboe S.A.;Farmashop 96;Uruguay 697 1;NULL;Interior;3;Farmashop;-31,3874193;-57,9673349;Salto;Salto;15;15120;NULL
751;Coboe S.A.;Farmashop 97;Sarandí 509 1;NULL;Interior;3;Farmashop;-30,8993852;-55,5393625;Rivera;Rivera;13;13220;NULL
752;Coboe S.A.;Farmashop 98;Jose Batlle y Ordoñez 181 1;NULL;Interior;3;Farmashop;-34,5311421;-56,28309;Las Piedras;Canelones;3;3221;NULL
753;Coboe S.A.;BELA 1;Av. 8 de Octubre 3800;NULL;Unión;2;Farmashop;-34,8764572;-56,14269;Montevideo;Montevideo;1;1020;140
754;Coboe S.A.;BELA 2;Av. José Belloni  4281;NULL;Piedras Blancas;2;Farmashop;-34,825498;-56,141113;Montevideo;Montevideo;1;1020;NULL
755;Coboe S.A.;BELA 3;18 de Julio  987;NULL;Centro;2;Farmashop;-34,906107;-56,194901;Montevideo;Montevideo;1;1020;NULL
756;Polakof  y Cía.  S.A.;El Dorado - Dolores;Carlos P. Puig esquina Adalberto Schuster 1410;NULL;Interior;7;El Dorado;-33,5310745;-58,2157148;Dolores;Soriano;17;17321;NULL
757;Polakof  y Cía.  S.A.;El Dorado - Sarandí Grande;Libertad 1034;NULL;Interior;4;El Dorado;-34,094817;-56,220295;Sarandí Grande;Florida;8;8421;621
758;Polakof  y Cía.  S.A.;El Dorado - Las Flores;Ruta 10 y Las Violetas 560;NULL;Interior;4;El Dorado;-34,813007;-55,330896;Las Flores;Maldonado;10;10945;NULL
759;Polakof  y Cía.  S.A.;El Dorado - San Carlos 3;Wilson Ferreira Aldunate esquina Islas Canarias 352;NULL;Interior;3;El Dorado;-34,780476;-54,92078;San Carlos;Maldonado;10;10321;NULL
760;DALTIRO S.A.;El Clon - Cerro Food;Carlos Ma Ramirez  1661;NULL;Cerro;3;El Clon;-34,87414;-56,25056;Montevideo;Montevideo;1;1020;NULL
761;DALTIRO S.A.;El Clon - Tres Cruces;8 de Octubre  2569;NULL;Tres Cruces;3;El Clon;-34,891519;-56,1621;Montevideo;Montevideo;1;1020;NULL
762;DALTIRO S.A.;El Clon - Miro;8 de octubre  3802;NULL;Unión;6;El Clon;-34,874647;-56,13961;Montevideo;Montevideo;1;1020;NULL
763;DALTIRO S.A.;El Clon - Iguazu;18 de julio 1265;NULL;Centro;6;El Clon;-34,905699;-56,18876;Montevideo;Montevideo;1;1020;NULL
764;DALTIRO S.A.;El Clon - Iguazu Food;18 de julio 1267;NULL;Centro;2;El Clon;-34,9056;-56,18874;Montevideo;Montevideo;1;1020;NULL
765;DALTIRO S.A.;El Clon - Pando;Gral Artigas 922;NULL;Interior;3;El Clon;-34,718257;-55,96139;Pando;Canelones;3;3322;NULL
766;DALTIRO S.A.;El Clon - Pocitos;Av Brasil  3098;NULL;Pocitos;3;El Clon;-34,914118;-56,14948;Montevideo;Montevideo;1;1020;NULL
767;DALTIRO S.A.;El Clon - Las Piedras Shopping;Av Bicentenario  312;NULL;Interior;6;El Clon;-34,725448;-56,20293;Las Piedras;Canelones;3;3221;NULL
768;DALTIRO S.A.;El Clon - ROCHA;Gral Artigas  144;NULL;Interior;4;El Clon;-34,481595;-54,33502;Rocha;Rocha;14;14320;NULL
769;BOWEREY SA;KINKO 1;Benito Blanco 1182 esq. Barreiro 1;NULL;Pocitos;2;Kinko;-34,9111124;-56,1454468;Montevideo;Montevideo;1;1020;NULL
770;BOWEREY SA;KINKO 2;Tomas Diago 798 esq. Jaime Zudañez 2;NULL;Trouville;2;Kinko;-34,9166748;-56,1521854;Montevideo;Montevideo;1;1020;NULL
771;BOWEREY SA;KINKO 3;Gabriel Pereira 3169 esq. 26 de Marzo 3;NULL;Pocitos;2;Kinko;-34,9092691;-56,1478388;Montevideo;Montevideo;1;1020;NULL
772;BOWEREY SA;KINKO 4;Av. Gral. Rivera 3649 esq. Bustamante 4;NULL;Buceo;2;Kinko;-34,8997639;-56,1346418;Montevideo;Montevideo;1;1020;NULL
773;BOWEREY SA;KINKO 5;Av. Gral. Rivera 2142 esq. Joaquin Requena 5;NULL;Cordón;2;Kinko;-34,9022802;-56,1693546;Montevideo;Montevideo;1;1020;NULL
774;BOWEREY SA;KINKO 6;Av. Gral. Rivera 2715 esq. Francisco Soca 6;NULL;Parque Batlle;2;Kinko;-34,9031372;-56,1556223;Montevideo;Montevideo;1;1020;NULL
775;BOWEREY SA;KINKO 7;Blanes 901 esq. Lauro Muller 7;NULL;Parque Rodó;2;Kinko;-34,9125566;-56,1715106;Montevideo;Montevideo;1;1020;NULL
776;BOWEREY SA;KINKO 8;Av. Alfredo Arocena 2005 esq. Mones Roses 8;NULL;Carrasco;2;Kinko;-34,8806507;-56,0617263;Montevideo;Montevideo;1;1020;NULL
777;BOWEREY SA;KINKO 9;San Jose 1194 esq. Zelmar Michelini 9;NULL;Centro;2;Kinko;-34,90683197;-56,19031399;Montevideo;Montevideo;1;1020;NULL
778;BOWEREY SA;KINKO 10;Bvar. España 2759 esq. Jose Ellauri 10;NULL;Pocitos;2;Kinko;-34,9139214;-56,1531876;Montevideo;Montevideo;1;1020;NULL
779;BOWEREY SA;KINKO 11;Ramon Anador 3842 esq. Propios 11;NULL;Buceo;2;Kinko;-34,893242;-56,1302699;Montevideo;Montevideo;1;1020;NULL
780;BOWEREY SA;KINKO 12;Av. Brasil 2501 esq. Simon Bolivar 12;NULL;Pocitos;2;Kinko;-34,9070161;-56,1597814;Montevideo;Montevideo;1;1020;NULL
781;BOWEREY SA;KINKO 13;Sarmiento 2471 esq. Obligado 13;NULL;Parque Rodó;2;Kinko;-34,9143771;-56,1593981;Montevideo;Montevideo;1;1020;NULL
782;BOWEREY SA;KINKO 14;Hipolito Yrigoyen 1599 esq. Av Gral. Rivera 14;NULL;Pocitos;2;Kinko;-34,8913317;-56,108974;Montevideo;Montevideo;1;1020;NULL
783;BOWEREY SA;KINKO 15;Jose Ellauri 548 esq. Blanca del Tabare 15;NULL;Punta Carretas;2;Kinko;-34,9206163;-56,1569381;Montevideo;Montevideo;1;1020;NULL
784;BOWEREY SA;KINKO 16;Soriano 1001 esq. Julio Herrera y Obes 16;NULL;Centro;2;Kinko;-34,90792;-56,194457;Montevideo;Montevideo;1;1020;NULL
785;BOWEREY SA;KINKO 17;Av Guillermo Perez Butler, M214, S16 esq. Santa Elena 17;NULL;Interior;2;Kinko;-34,803946;-55,905994;El Pinar;Canelones;3;3828;NULL
786;BOWEREY SA;KINKO 18;Soriano 1441 esq. Barrios Amorin 18;NULL;Centro;2;Kinko;-34,90728543;-56,18467464;Montevideo;Montevideo;1;1020;NULL
787;BOWEREY SA;KINKO 19;Rincon 605 esq. Juan Carlos Gomez 19;NULL;Ciudad Vieja;2;Kinko;-34,9059382;-56,2031283;Montevideo;Montevideo;1;1020;NULL
788;BOWEREY SA;KINKO 20;Gral Maximo Tajes 6514 esq. Cooper 20;NULL;Carrasco;2;Kinko;-34,8767086;-56,0671905;Montevideo;Montevideo;1;1020;NULL
789;BOWEREY SA;KINKO 21;Av. Italia 2956 esq. Las Heras 21;NULL;Parque Batlle;2;Kinko;-34,8898312;-56,1501217;Montevideo;Montevideo;1;1020;NULL
790;BOWEREY SA;KINKO 22;Gral. Maximo Tajes 7424 esq. Patrick Kelly 22;NULL;Carrasco;2;Kinko;-34,8748228;-56,04330317;Montevideo;Montevideo;1;1020;NULL
791;BOWEREY SA;KINKO 23;Julio Herrera y Obes 1373 esq. 18 de Julio 23;NULL;Centro;2;Kinko;-34,9057184;-56,1949042;Montevideo;Montevideo;1;1020;NULL
792;BOWEREY SA;KINKO 24;Avda General Ponce 1347 esq. Av. Gral. Rivera 24;NULL;Pocitos;2;Kinko;-34,9031864;-56,161661;Montevideo;Montevideo;1;1020;NULL
793;BOWEREY SA;KINKO 25;Estero Bellaco 2846 esq. Humaita 25;NULL;La Blanqueada;2;Kinko;-34,8890239;-56,15741;Montevideo;Montevideo;1;1020;NULL
794;BOWEREY SA;KINKO 26;Av Doctor Americo Ricaldoni 2854 esq. Alarcon 26;NULL;Parque Batlle;2;Kinko;-34,8988217;-56,1541147;Montevideo;Montevideo;1;1020;NULL
795;BOWEREY SA;KINKO 27;Luis de la Torre 450 esq. Joaquin Nuñez 27;NULL;Punta Carretas;2;Kinko;-34,9201271;-56,1610898;Montevideo;Montevideo;1;1020;NULL
796;BOWEREY SA;KINKO 28;Colonia 1330 esq. Ejido 28;NULL;Centro;2;Kinko;-34,9047217;-56,1874638;Montevideo;Montevideo;1;1020;NULL
797;BOWEREY SA;KINKO 29;Blvr. Gral Artigas 816 esq. 21 de Septiembre 29;NULL;Parque Rodó;2;Kinko;-34,9136882;-56,1627911;Montevideo;Montevideo;1;1020;NULL
798;USSEL S.A.;Frog 13;Carlos Quijano  1303;NULL;Centro;2;Frog;-34,906652;-56,1890833;Montevideo;Montevideo;1;1020;NULL
799;USSEL S.A.;Frog 15;Constituyente  1788;NULL;Cordón;4;Frog;-34,9067402;-56,1778556;Montevideo;Montevideo;1;1020;NULL
800;USSEL S.A.;Frog 16;8 de Octubre   3926;NULL;Unión;3;Frog;-34,8733047;-56,1372654;Montevideo;Montevideo;1;1020;NULL
801;USSEL S.A.;Frog 17;Av. Italia  6446;NULL;Carrasco;3;Frog;-34,878454;-56,068073;Montevideo;Montevideo;1;1020;NULL
802;USSEL S.A.;Frog 18;Ferrer Serra 2023;NULL;Tres Cruces;3;Frog;-34,895284;-56,174059;Montevideo;Montevideo;1;1020;NULL
803;USSEL S.A.;Frog 19;Ing. Luis Ponce 1486;NULL;Parque Batlle;3;Frog;-34,9007131;-56,1597392;Montevideo;Montevideo;1;1020;NULL
804;USSEL S.A.;Frog 20;Estanislao Lopez 4762;NULL;Malvín;4;Frog;-34,8882015;-56,106276;Montevideo;Montevideo;1;1020;NULL
805;USSEL S.A.;Frog 21;María Espinola  1606;NULL;Punta Gorda;3;Frog;-34,8884579;-56,0843312;Montevideo;Montevideo;1;1020;NULL
806;USSEL S.A.;Frog 22;Av. Bolivia  1595;NULL;Carrasco;3;Frog;-34,89187291;-56,07127078;Montevideo;Montevideo;1;1020;NULL
807;USSEL S.A.;Frog 23;Av. Brasil  2365;NULL;Pocitos;4;Frog;-34,90600539;-56,16311266;Montevideo;Montevideo;1;1020;NULL
808;Alijor SRL;FarmaGlobal 1;Solano Antuña 2752;NULL;Trouville;1;FarmaGlobal;-34,918413;-56,153728;Montevideo;Montevideo;1;1020;NULL
809;Roenca LTDA;FarmaGlobal 2;Jaime Zudañez 2805;NULL;Trouville;1;FarmaGlobal;-34,9163911;-56,1520421;Montevideo;Montevideo;1;1020;NULL
810;Nabel SRL;FarmaGlobal 3;21 de setiembre 2753;NULL;Punta Carretas;1;FarmaGlobal;-34,9175787;-56,1572401;Montevideo;Montevideo;1;1020;NULL
811;Fioreste SRL;FarmaGlobal 4;Av Brasil  2946;NULL;Pocitos;1;FarmaGlobal;-34,9113796;-56,1519681;Montevideo;Montevideo;1;1020;NULL
812;Segada SRL;FarmaGlobal 5;Ellauri 868;NULL;Trouville;1;FarmaGlobal;-34,9147621;-56,1534529;Montevideo;Montevideo;1;1020;NULL
813;Farmi LTDA;FarmaGlobal 6;Av Brasil 3077;NULL;Pocitos;1;FarmaGlobal;-34,9133707;-56,1497509;Montevideo;Montevideo;1;1020;NULL
814;Arcadia SRL;FarmaGlobal 7;21 de Setiembre 3076;NULL;Trouville;1;FarmaGlobal;-34,9201801;-56,1509387;Montevideo;Montevideo;1;1020;NULL
815;Farmacia Cranwell SA;FarmaGlobal 8;Masini 3379;NULL;Pocitos;1;FarmaGlobal;-34,9120735;-56,1479158;Montevideo;Montevideo;1;1020;NULL
816;Brocas SA;FarmaGlobal 9;Rivera 2690;NULL;Parque Batlle;1;FarmaGlobal;-34,9032667;-56,156407;Montevideo;Montevideo;1;1020;NULL
817;16 de diciembre srl;FarmaGlobal 10;Luis Alberto Herrera 1205;NULL;Pocitos;1;FarmaGlobal;-34,9055323;-56,1371219;Montevideo;Montevideo;1;1020;NULL
818;Farmacia la española srl;FarmaGlobal 11;Giannatasio  21500;NULL;Interior;1;FarmaGlobal;-34,810584;-55,937609;Lagomar;Canelones;3;3831;NULL
819;Quintela ltda;FarmaGlobal 12;Av Italia 2941;NULL;La Blanqueada;1;FarmaGlobal;-34,8900331;-56,1509527;Montevideo;Montevideo;1;1020;NULL
820;Farmacia este II srl;FarmaGlobal 13;Artigas 22;NULL;Interior;1;FarmaGlobal;-34,7380321;-56,09488065;Atlántida;Canelones;3;3621;NULL
821;notari y cia ltda;FarmaGlobal 14;Alfredo Baldomir 2353;NULL;Parque Rodó;1;FarmaGlobal;-34,9087996;-56,1631588;Montevideo;Montevideo;1;1020;NULL
822;gerymar srl;FarmaGlobal 15;Av Italia 3250;NULL;Parque Batlle;1;FarmaGlobal;-34,8878853;-56,1446578;Montevideo;Montevideo;1;1020;NULL
823;USSEL S.A.;Frog 5;Ellauri  668;NULL;Trouville;3;Frog;-34,9186621;-56,1557195;Montevideo;Montevideo;1;1020;NULL
831;MALBA TAHAN LTDA;MALBA TAHAN;Carlos de la Vega 5201 1;NULL;Nuevo París;6;Sin Cadena;-34,8459524;-56,2435984;Montevideo;Montevideo;1;1020;NULL
832;Galarina S.A.;PedidosYa Market Carrasco;Líbano 1428;NULL;Carrasco;1;PedidosYa;-34,8939111;-56,0713724;Montevideo;Montevideo;1;1020;NULL
833;Galarina S.A.;PedidosYa Market;Domingo Aramburú 2029 Bis 2029;NULL;La Blanqueada;1;PedidosYa;-34,8833263;-56,1733648;Montevideo;Montevideo;1;1020;NULL
834;Galarina S.A.;PedidosYa Market Centro;Gonzálo Ramírez  1382;NULL;Parque Rodó;1;PedidosYa;-34,9124243;-56,1853931;Montevideo;Montevideo;1;1020;NULL
835;Galarina S.A.;PedidosYa Market Pocitos;Rivera  2693;NULL;Pocitos;1;PedidosYa;-34,9030905;-56,1565055;Montevideo;Montevideo;1;1020;NULL
836;Supermercado El Palmar SRL;Supermercado El Palmar;19 de abril  0;NULL;Interior;5;Sin Cadena;-34,19847986;-53,85911101;Castillos;Rocha;14;14421;NULL
837;Polakof  y Cía.  S.A.;Super Eco Varela;Dr. Podestá Carnelli 0;NULL;Interior;2;El Dorado;-33,45550221;-54,53604063;José Pedro Varela;Lavalleja;9;9522;NULL
838;Polakof  y Cía.  S.A.;Winmart;Ruta 39, km. 7200 0;NULL;Interior;3;El Dorado;-34,88059718;-54,9491274;Maldonado;Maldonado;10;10320;100
842;Polakof  y Cía.  S.A.;El Dorado Mercedes;Colón y Gimenez;NULL;Interior;4;El Dorado;-33,24808554;-58,03092;Mercedes;Soriano;17;17220;400
843;Coboe S.A.;Bela 4;Gral Artigas 718;NULL;Interior;2;Farmashop;-34,72707291;-56,21345077;Las Piedras;Canelones;3;3221;60
844;Coboe S.A.;Bela 5;Juan Jose de Amezaga  1756;NULL;La Comercial;2;Farmashop;-34,88746;-56,18026;Montevideo;Montevideo;1;1020;86
845;Coboe S.A.;Bela 6;8 de Octubre  2190;NULL;Interior;2;Farmashop;-31,3853029;-57,9457648;Salto;Salto;15;15120;160
846;Coboe S.A.;Bela 7;Sarandí 917;NULL;Interior;2;Farmashop;-34,9068681;-54,9578569;Maldonado;Maldonado;10;10320;111
847;Polakof  y Cía.  S.A.;El Dorado Vialidad;Juana Carnenas esq. Maria Manduy;NULL;Interior;5;El Dorado;-34,8972772;-54,947808;Maldonado;Maldonado;10;10320;870
848;Coboe S.A.;Bela 8;Avenida General Eugenio Garzon  2003;NULL;Colón ;2;Farmashop;-34,80282116;-56,22394539;Montevideo;Montevideo;1;1020;243
849;Coboe S.A.;Bela 9;Fernandez Crespo  1696;NULL;Cordón;2;Farmashop;-34,89923941;-56,17669559;Montevideo;Montevideo;1;1020;140
850;Coboe S.A.;Farmashop 99;Jackson 1200;NULL;Palermo;1;Farmashop;-34,90739161;-56,17358959;Montevideo;Montevideo;1;1020;35
851;Coboe S.A.;Farmashop 100;19 de Abril 508;NULL;Interior;2;Farmashop;-33,99517033;-58,28411794;Carmelo;Colonia;5;5321;37
852; PEREZ VAROLI SILVIA TERESITA;Supermercado La Ranita;Domingo Arena 4470 10;NULL;Piedras Blancas;5;Sin Cadena;-34,818038;-56,144335;Montevideo;Montevideo;1;1020;1000
854;Coboe S.A.;Farmashop 105;25 de Mayo  572;NULL;Interior;2;Farmashop;-33,99517033;-58,28411794;Minas;Lavalleja;9;9220;72
857;Polakof  y Cía.  S.A.;El Dorado Melo;Castellanos casi Gral Muñoz 0;NULL;Interior;3;El Dorado;-32,3740905;-54,1602717;Melo;Cerro Largo;4;4220;800
858;Coboe S.A.;Farmashop 105;José Pedro Varela 552;NULL;Interior;2;Farmashop;-34,46366846;-57,83839381;Colonia del Sacramento;Colonia;5;5320;48
859;Coboe S.A.;Farmashop 107;tolentino gonzalez 376;NULL;Interior;2;Farmashop;-33,99517033;-58,28411794;Canelones;Canelones;3;3320;114
860;Polakof  y Cía.  S.A.;El Dorado Cardona;Libertad y Florencio Sánchez;NULL;Interior;4;El Dorado;-33,8731475;-57,3671342;Cardona;Soriano;17;17521;576
861;Polakof  y Cía.  S.A.;El Dorado Paso de los Toros 2;Florencio Sanchez 45100;NULL;Interior;2;El Dorado;-32,809521;-56,520627;Paso de los toros;Tacuarembó;18;18321;199
862;Coboe S.A.;Farmashop 106;José Pedro Ramirez  200;NULL;Interior;2;Farmashop;-34,48371498;-54,33359421;Rocha;Rocha;14;14320;110
868;Coboe S.A.;Farmashop 108;Colonia 1800;NULL;Cordón;2;Farmashop;-34,90148762;-56,17755926;Montevideo;Montevideo;1;1020;60
869;Coboe S.A.;Bela 10;Gral Artigas 863;NULL;Interior;2;Farmashop;-34,71738036;-55,96157975;Pando;Canelones;3;3322;226
870;Coboe S.A.;Bela 11;GIANNATASSIO 15000;NULL;Interior;2;Farmashop;-34,83745792;-55,98595298;Lagomar;Canelones;3;3831;213
871;Coboe S.A.;Bela 12;Camino Maldonado 6767;NULL;Punta de Rieles ;2;Farmashop;-34,8247235;-56,10251642;Montevideo;Montevideo;1;1020;185
872;Coboe S.A.;Bela 13;18 de julio 20400;NULL;Interior;2;Farmashop;-34,79254403;-54,91892732;San Carlos;Maldonado;10;10321;110
873;Coboe S.A.;Farmashop 101;Artigas 352;NULL;Interior;2;Farmashop;-33,376214;-56,526547;Durazno;Durazno;6;6220;60
874;Coboe S.A.;Farmashop 104;Luis Alberto de Herrera 4131;NULL;Prado ;5;Farmashop;-33,376214;-56,526547;Montevideo;Montevideo;1;1020;55
875;FARMASHOP;Farmashop 109;San José  1052;NULL;Centro;2;Farmashop;-34,9071144;-56,1933316;Montevideo;Montevideo;1;1020;121
876;FARMASHOP;Farmashop 110;Lizarza  678;NULL;Interior;2;Farmashop;-34,777044;-55,22551;Pan de Azúcar;Maldonado;10;10522;123
877;Polakof  y Cía.  S.A.;El Dorado Paysandú;Av. Boulevard Artigas y Horacio Meriggi s/N 0;NULL;Interior;5;El Dorado;-32,308379;-58,06968;Paysandú;Paysandú;11;11120;1200
878;Polakof  y Cía.  S.A.;El Dorado Fray Bentos;Zorrilla de San Martin entre Roberto Young y Enrique Beaulieu 0;NULL;Interior;4;El Dorado;-33,121415;-58,30487;Fray Bentos;Río Negro;12;12320;880
879;Polakof  y Cía.  S.A.;El Dorado Terra Bio;Dodera casi Ituzaingó 0;NULL;Interior;1;El Dorado;-34,907473;-54,95959;Maldonado;Maldonado;10;10320;66
880;FARMASHOP;Farmashop 111;Ellauri 411;NULL;Pocitos;2;Farmashop;-34,922497;-56,15888;Montevideo;Montevideo;1;1020;50
881;Ta Ta S.A.;TaTa - Paso de los Toros;Leandro Gomez 325;NULL;Interior;6;Ta - Ta;-32,81455;-56,50623;Paso de los toros;Tacuarembó;18;18321;564
882;Coboe S.A.;Farmashop 112;Av. Grito de Asencio 1751;NULL;Interior;2;Farmashop;-34,92249722;-56,15888036;Dolores;Soriano;17;17321;253
883;Ta Ta S.A.;TaTa - 21 de setiembre;21 de Setiembre 2738;NULL;Punta Carretas;3;Ta - Ta;-34,91728;-56,15783;Montevideo;Montevideo;1;1020;154
884;Coboe S.A.;Farmashop 113;Lezica  6394;NULL;Lezica ;2;Farmashop;-34,79576;-56,2484;Montevideo;Montevideo;1;1020;103
885;Caldiran S.A.;Supermercado Viter 2;Millán  5956;NULL;Conciliación;2;Sin Cadena;-34,82563;-56,24021;Montevideo;Montevideo;1;1020;240
886;Altamirano SRL;Supermercado 5 Estrellas 1;Altamirano  3246;NULL;Mercado Modelo;2;Supermercados 5 estrellas;-34,86947135;-56,16113804;Montevideo;Montevideo;1;1020;200
887;Altamirano SRL;Supermercado 5 Estrellas 2;General Flores  3342;NULL;Brazo Oriental;1;Supermercados 5 estrellas;-34,86748305;-56,17186822;Montevideo;Montevideo;1;1020;90
888;Altamirano SRL;Supermercado 5 Estrellas 3;8 de Octubre 3066;NULL;La Blanqueada;1;Supermercados 5 estrellas;-34,88291558;-56,15372609;Montevideo;Montevideo;1;1020;60
889;Altamirano SRL;Supermercado 5 Estrellas 4;Luis Alberto de Herrera 3444;NULL;Brazo Oriental;2;Supermercados 5 estrellas;-34,86773062;-56,1702267;Montevideo;Montevideo;1;1020;100
890;Altamirano SRL;Supermercado 5 Estrellas 5;Convención 1449;NULL;Centro;2;Supermercados 5 estrellas;-34,90449416;-56,19726605;Montevideo;Montevideo;1;1020;160
891;Altamirano SRL;Supermercado 5 Estrellas 6;Arellano 4034;NULL;Villa Española;2;Supermercados 5 estrellas;-34,86000587;-56,1446049;Montevideo;Montevideo;1;1020;80
892;Coboe S.A.;Farmashop 117;Av Jose Belloni 4371;NULL;Manga;2;Farmashop;-34,82396606;-56,14094175;Montevideo;Montevideo;1;1020;56
893;Henderson y Cia.  S.A.;Tienda Inglesa Libertad;Libertad 2475;NULL;Pocitos;6;Tienda Inglesa;-34,911634;-56,15968198;Montevideo;Montevideo;1;1020;433
894;Henderson y Cia.  S.A.;Tienda Inglesa Car One;Ruta Interbanearia y Camino de los Horneros;NULL;Interior;22;Tienda Inglesa;-34,81608469;-55,97961724;Altos la Tahona;Canelones;3;3997;4320
895;Polakof  y Cía.  S.A.;El Dorado Carmelo;Avda. José Batlle y Ordoñez y Ruta 21 0;NULL;Interior;8;El Dorado;-34,0149582;-58,2753563;Carmelo;Colonia;5;5321;757
896;Costa Verde SRL;Costa Verde ;25 de Agosto esquina Ituzaingó 1;NULL;Interior;5;Red Expres;-34,7678251;-55,6543078;Costa Azul;Canelones;3;3826;600
897;Gramar SRL;La Cueva;Rambla Florencio Sanchez y Diagonal 11 11;NULL;Interior;4;Red Expres;-34,7574652;-55,7016703;Parque del Plata;Canelones;3;3627;300
898;Supermercado Fuentes SRL;Super Fuentes;Juan Caruso 33 33;NULL;Interior;5;Red Expres;-34,7660359;-55,5895271;San Luis;Canelones;3;3834;500
899;Italplan S.A;Super K-53;Av. Treinta y Tres S.N esquina R. Mackinnon 1;NULL;Interior;4;Red Expres;-34,758663;-55,6764521;La Floresta;Canelones;3;3724;325
900;Minkely S.A; El Tano;Av. Artigas 1768 1768;NULL;Interior;4;Red Expres;-34,8523552;-55,2765026;Piriápolis;Maldonado;10;10523;300
901;Repetto & cia srl.;Super 2 Hermanos;Jose Enrique Rodo 205, Esq Aparicio Saravia 205;NULL;Interior;5;Red Expres;-34,5249947;-56,278136;Canelones;Canelones;3;3320;476
902;Repetto & cia srl.;Super San Ramon;Av. Batlle y Ordoñez 1545 1545;NULL;Interior;6;Red Expres;-34,292732;-55,9573009;San Ramón;Canelones;3;3422;393
903;Repetto & cia srl.;Santa Rosa;Tomas Berreta s/n esq Baltasar Brum 1;NULL;Interior;3;Red Expres;-34,5002411;-56,0404601;Santa Rosa;Canelones;3;3526;330
904;Lerna S.A;Super Uno;Ex Ruta 1, km. 28.5 1;NULL;Interior;4;Red Expres;-34,7671024;-56,3924088;Ciudad del Plata;San José;16;16824;530
905;Lerna S.A;Super Dos;Ex Ruta 1, km. 26 1;NULL;Interior;3;Red Expres;-34,7710507;-56,3850488;Ciudad del Plata;San José;16;16824;270
906;Clubel S.A;Hiperprecios;Camino de los Gauchos esq. Basilio Araujo 1;NULL;Interior;4;Red Expres;-34,9046894;-54,9435117;Maldonado;Maldonado;10;10320;300
907;Waytop S.A;Del sol;Roman Guerra 846 esq Florida 846;NULL;Interior;5;Red Expres;-34,9084904;-54,956456;Maldonado;Maldonado;10;10320;780
908;Kampante SRL;Kampante ;Uruguayana 3500 3500;NULL;Capurro ;3;Red Expres;-34,8700655;-56,2089082;Montevideo;Montevideo;1;1020;300
909;Ebizoy S.A.;Almenara mall;Ruta IB Km 22.500 Esq julia de Almenara 1;NULL;Interior;7;Red Expres;-34,8265896;-55,9973516;Ciudad de la Costa;Canelones;3;3831;900
910;Coboe S.A.;Farmashop 114;Av. Lezica 6326;NULL;Lezica;2;Farmashop;-34,79711669;-56,2468139;Montevideo;Montevideo;1;1020;55
911;Coboe S.A.;Farmashop 118;Uruguay esq. Rio Negro;NULL;Interior;2;Farmashop;-34,80104599;-55,92009938;Ciudad de la Costa;Canelones;3;3831;148
912;Coboe S.A.;Farmashop 102;18 de julio 372;NULL;Interior;2;Farmashop;-31,39232352;-57,96196318;Salto;Salto;15;15120;198
913;Coboe S.A.;Farmashop 115;Veracierto 2563;NULL;Maroñas;2;Farmashop;-34,8712967;-56,1173544;Montevideo;Montevideo;1;1020;181
914;Coboe S.A.;Farmashop 116;Luis A. de Herrera 1160;NULL;Interior;2;Farmashop;-34,28770933;-57,2323165;Nueva Helvecia;Colonia;5;5421;145
915;Coboe S.A.;Bela 14;Bvar. Artigas  1825;NULL;Tres Cruces;2;Farmashop;-34,89381003;-56,16634226;Montevideo;Montevideo;1;1020;170
916;Coboe S.A.;Farmashop 122;Av. Leandro Gomez y Manolo Lima 0;NULL;Interior;2;Farmashop;-34,90011054;-54,99282218;Maldonado;Maldonado;10;10320;57
917;Coboe S.A.;Farmashop 123;Ruta 39 y Luis Alberto de Herrera 0;NULL;Interior;2;Farmashop;-34,88134837;-54,95110846;Maldonado;Maldonado;10;10320;60
918;Coboe S.A.;Farmashop 124;Ruta interbalnearia KM 118 0;NULL;Interior;2;Farmashop;-34,8808555;-55,0505004;Punta Ballena;Maldonado;10;10956;55
919;Coboe S.A.;Bela 15;Av. Aparicio Saravia esquina Ituzaingo 0;NULL;Interior;2;Farmashop;-34,36761018;-55,23514367;Minas;Lavalleja;9;9220;153
920;Polakof  y Cía.  S.A.;El Dorado Ruta 39;Ruta 39 km 7 0;NULL;Interior;5;El Dorado;-34,87945569;-54,949701;Maldonado;Maldonado;10;10320;935
921;Polakof  y Cía.  S.A.;El Dorado Nueva Palmira;Argentina y José Enrique Rodó 0;NULL;Interior;5;El Dorado;-33,87366623;-58,40925223;Nueva Palmira;Colonia;5;5423;785
922;Polakof  y Cía.  S.A.;El Dorado Balneario Argentino;Calle 49 y Calle 25 0;NULL;Interior;4;El Dorado;-34,88933388;-54,79593859;Buenos Aires;Maldonado;10;10973;380
923;Coboe S.A.;Farmashop 120;Florida 784;NULL;Interior;2;Farmashop;-34,90827585;-54,95825387;Maldonado;Maldonado;10;10320;250
924;Coboe S.A.;Farmashop 119;Carlos Maria Ramirez 1851;NULL;Cerro;2;Farmashop;-34,87442148;-56,25423289;Montevideo;Montevideo;1;1020;100
925;Coboe S.A.;Farmashop 126;Av. Pablo Ríos 149;NULL;Interior;2;Farmashop;-31,72581106;-55,97235954;Tacuarembó;Tacuarembó;18;18220;70
926;Coboe S.A.;Farmashop 127;Wilson Ferreira Aldunate y José Enrique Rodó;NULL;Interior;2;Farmashop;-34,63766859;-56,62063337;Libertad;San José;16;16421;300
927;Domiral S.A.;Supermercado Imperio del Ete;Ruta Interbalnearia km 36,700;NULL;Interior;5;Sin Cadena;-34,7786296;-55,85719011;Pinamar;Canelones;3;3959;1000
929;Hipervital SAS;Central Mayorista;Av. Giannattasio km 22,200;NULL;Interior;10;Sin Cadena;-34,83268389;-55,97720287;Ciudad de la Costa;Canelones;3;3831;1000
930;Coboe S.A.;Farmashop 125;Avenida José B. y Ordoñez 0;NULL;Interior;2;Farmashop;-34,45652962;-57,83395744;Colonia del Sacramento;Colonia;5;5320;142
931;Coboe S.A.;Farmashop 121;Av. Pedragosa Sierra esq. Roosevelt 0;NULL;Interior;2;Farmashop;-34,94182165;-54,93072904;Punta del Este;Maldonado;10;10969;75
932;Polakof  y Cía.  S.A.;El Dorado San Jose;Ituzaingó entre Asamblea y Dr. Evaristo Ciganda;NULL;Interior;8;El Dorado;-34,3403725;-56,71559022;San José de Mayo;San José;16;16220;550
933;Mercados Devoto S.A.;Devoto Express Purriel;Purriel 3147;NULL;La Blanqueada;3;Devoto Express;-34,884078;-56,151276;Montevideo;Montevideo;1;1020;155
934;Mercados Devoto S.A.;Devoto Express Jose Ignacio;Ruta 10 km 183 y Los Lobos;NULL;Interior;2;Devoto Express;-34,835633;-54,643271;José Ignacio;Maldonado;10;10939;199
935;Supermercados Disco del Uruguay S.A.;Disco Plaza Italia;Av. Italia 4280;NULL;Malvín;17;Disco;-34,887473;-56,118051;Montevideo;Montevideo;1;1020;1730
936;Coboe S.A.;Farmashop 129;Av. Libertador 1953;NULL;Aguada;2;Farmashop;-34,89486162;-56,18904985;Montevideo;Montevideo;1;1020;38
937;Coboe S.A.;Farmashop 131;Av. Luis A. de Herrera;NULL;Interior;2;Farmashop;-34,34363817;-56,7082826;San José de Mayo;San José;16;16220;154
938;Polakof  y Cía.  S.A.;El Dorado Pablo de Maria;18 de Julio 2006;NULL;Cordón;5;El Dorado;-34,90085722;-56,17215321;Montevideo;Montevideo;1;1020;191
939;Alenstar S.A.;Pigalle 8 de Octubre;Av. 8 de octubre 2547;NULL;Tres Cruces;1;Pigalle;-34,8838279;-56,1669688;Montevideo;Montevideo;1;1020;30
940;Coboe S.A.;Farmashop 130;18 de Julio 841;NULL;Centro;2;Farmashop;-34,90633579;-56,19838393;Montevideo;Montevideo;1;1020;100
941;Polakof  y Cía.  S.A.;Supermercado El Dorado Yi;18 de julio y Yi;NULL;Centro;3;El Dorado;-34,9057767;-56,1891022;Montevideo;Montevideo;1;1020;155
942;Polakof  y Cía.  S.A.;El Dorado Plaza Matriz;Peatonal Sarandí 584 entre Juan Carlos Gomez e Ituzaingó ;NULL;Ciudad Vieja;5;El Dorado;-34,9071132;-56,20329903;Montevideo;Montevideo;1;1020;199
943;Polakof  y Cía.  S.A.;El Dorado Tristan Narvaja;18 de Julio 1807/ 1809 esq. Tristan Narvaja;NULL;Cordón;5;El Dorado;-34,90461288;-56,18261218;Montevideo;Montevideo;1;1020;199
944;Henderson y Cia.  S.A.;Tienda Inglesa Garibaldi;Garibaldi 2484;NULL;La Comercial;12;Tienda Inglesa;-34,8854733;-56,165151;Montevideo;Montevideo;1;1020;2226
945;Henderson y Cia.  S.A.;Tienda Inglesa Tower 18;18 de julio 1530;NULL;Centro;6;Tienda Inglesa;-34,90461288;-56,18261218;Montevideo;Montevideo;1;1020;975
946;Henderson y Cia.  S.A.;Tienda Inglesa Atlantico;Av. Roosevelt Parada 22;NULL;Interior;17;Tienda Inglesa;-34,91508276;-54,96087134;Punta del Este;Maldonado;10;10524;5081
947;Henderson y Cia.  S.A.;Tienda Inglesa Planeta;Av. Gral. Rivera 2336;NULL;Tres Cruces;11;Tienda Inglesa;-34,90269472;-56,16447508;Montevideo;Montevideo;1;1020;2758
948;Polakof  y Cía.  S.A.;El Dorado Medanos;Medanos y Paralela Sur;NULL;Interior;7;El Dorado;-34,8168;-55,948224;Ciudad de la Costa;Canelones;3;3831;333
949;Polakof  y Cía.  S.A.;Super San Jose;Paralela Sur y Congreso de Tres Cruces;NULL;Interior;2;El Dorado;-34,842138;-55,994897;Ciudad de la Costa;Canelones;3;3831;210
950;Macromercado Mayorista S.A.;Macromercado Las Piedras;Ruta 5 Km 22 22;NULL;Interior;16;Macromercado Mayorista;-34,73210367;-56,24813883;Las Piedras;Canelones;3;3221;2000
951;Polakof  y Cía.  S.A.;El Dorado Garibaldi;Garibaldi 2579 2579;NULL;La Comercial;10;El Dorado;-34,8865914;-56,1632094;Montevideo;Montevideo;1;1020;780
952;Coboe S.A.;Farmashop 132;Bv. Aparicio Saravia  4644;NULL;Peñarol;2;Farmashop;-34,826457;-56,2014227;Montevideo;Montevideo;1;1020;150
953;Rocasil Srl.;Supermercado Donato;Pedro Mesa y Castro  7995;NULL;Pajas Blancas;6;Red Expres;-34,8683607;-56,3335294;Montevideo;Montevideo;1;1020;380
954;Rocasil Srl.;Supermercado Donato Express;Camino Pajas Blancas 7805;NULL;Pajas Blancas;3;Red Expres;-34,8639023;-56,3255744;Montevideo;Montevideo;1;1020;250
955;Rodi Ltda.;Super Rodi;Calle 9 entre calle B y C 1;NULL;Interior;12;Red Expres;-34,7655436;-55,7466174;Parque del Plata;Canelones;3;3627;400
956;Lamore S.A;Supermercado Paz Plaza;Av. José G. Artigas 663;NULL;Interior;4;Red Expres;-34,7541561;-56,22393168;La Paz;Canelones;3;3321;300
957;Broffe S.A;Joy Market;Wilson F. Aldunate 1065;NULL;Interior;4;Red Expres;-34,7203047;-55,9591613;Pando;Canelones;3;3322;250
958;Sanders S.A;Super Pando;Av. Roosevell 1010;NULL;Interior;4;Red Expres;-34,7239832;-55,9586354;Pando;Canelones;3;3322;400
959;Opciones Quality S.A.;Expres Molino;Nicolás Guerra 223;NULL;Interior;3;Red Expres;-34,3517178;-56,7166182;San José de Mayo;San José;16;16220;140
960;José Maria Gonzalez S.R.L.;Expres Centro San Jose;Colon 700;NULL;Interior;4;Red Expres;-34,33781971;-56,71094594;San José de Mayo;San José;16;16220;100
961;Yek S.A;Ocho24 Almacenes;Dr. Becerro de Bengoa 398;NULL;Interior;2;Red Expres;-34,3384581;-56,7161957;San José de Mayo;San José;16;16220;100
962;Cabrera Arnold Ltda.;Santa Cecilia;Rio de la plata 7 y 1/2 1;NULL;Interior;4;Red Expres;-34,74867409;-56,45469842;Playa Pascual;San José;16;16521;200
963;Lisermin S.A.;Supermercado Alto Sur 1;Constituyente 820;NULL;Interior;5;Red Expres;-33,2643363;-58,0248535;Mercedes;Soriano;17;17220;200
964;Lisermin S.A.;Supermercado Alto Sur 3;Leandro Gómez 296;NULL;Interior;3;Red Expres;-33,2482253;-58,0394626;Mercedes;Soriano;17;17220;90
965;Lisermin S.A.;Supermercado Alto Sur 4;Paysandú 1228;NULL;Interior;5;Red Expres;-33,2456034;-58,0199418;Mercedes;Soriano;17;17220;545
966;Lisermin S.A.;Supermercado Alto Sur 4;Paysandú 1228;NULL;Interior;5;Red Expres;-33,2456034;-58,0199418;Mercedes;Soriano;17;17220;545
967;Lisermin S.A.;Supermercado Alto Sur 5;28 de Febrero 500;NULL;Interior;4;Red Expres;-33,2536989;-58,0330262;Mercedes;Soriano;17;17220;220
968;Lisermin S.A.;Supermercado Alto Sur 6;Rivas 1254;NULL;Interior;3;Red Expres;-33,2515653;-58,0180426;Mercedes;Soriano;17;17220;200
969;Roberto Troisi e hijas sas;Supermercado La Familia;19 de abril 939;NULL;Interior;5;Red Expres;-33,3758415;-56,5251477;Durazno;Durazno;6;6220;283
970;Mercados Devoto S.A.;Devoto Express La Barra;Av. Camino del Cerro Eguzquiza, esq. Juan López 1;NULL;Interior;3;Devoto Express;-34,91103031;-54,86516815;La Barra;Maldonado;10;10973;255
971;Mercados Devoto S.A.;Devoto Express José Ignacio 2;Calle las Golondrinas entre c. Los Bigua y c. de los Cisnes  0;NULL;Interior;1;Devoto Express;-34,842417;-54,63663636;José Ignacio;Maldonado;10;10939;56
972;Mercados Devoto S.A.;Devoto Express Punta Colorada;Av. Central entre calles 7 y 8,esq El Pedregal, Punta Colorada 0;NULL;Interior;3;Devoto Express;-34,90067613;-55,25773571;Piriapolis;Maldonado;10;10523;179
973;Mercados Devoto S.A.;Devoto Express Lido;Calle 20 Esq Inzaurraga 0;NULL;Interior;3;Devoto Express;-34,957154;-54,9409768;Punta del Este;Maldonado;10;10969;232
974;Coboe S.A.;Farmashop 133;Av. 18 de Julio 1644;NULL;Cordón;2;Farmashop;-34,9039343;-56,1806996;Montevideo;Montevideo;1;1020;45
975;Coboe S.A.;Farmashop 137;Av. Luis A. de Herrera 2888;NULL;Larrañaga;2;Farmashop;-34,8766048;-56,1570388;Montevideo;Montevideo;1;1020;61
976;Coboe S.A.;Farmashop 136;José Enrique Rodó 718;NULL;Interior;2;Farmashop;-33,2504206;-58,0297858;Mercedes;Soriano;17;17220;100
977;Coboe S.A.;Farmashop 138;Camino Maldonado 7724;NULL;Punta de Rieles;2;Farmashop;-34,8017747;-56,086521;Montevideo;Montevideo;1;1020;61
978;Cooperativa Salteña de Consumos;Cosalco Zona Este;Av. Manuel Oribe 5576;NULL;Interior;4;Cosalco;-31,3878138;-57,9094515;Salto;Salto;15;15120;500
979;Polakof  y Cía.  S.A.;El Dorado Pueblo Obrero;Gabriel Pereira y Maua 0;NULL;Interior;8;El Dorado;-34,84273553;-55,27014529;Piriapolis;Maldonado;10;10523;447
980;Polakof  y Cía.  S.A.;El Dorado Durzano;Dr. Morquio 600 equina Eusebio Pirez 0;NULL;Interior;8;El Dorado;-33,382448;-56,524108;Durazno;Durazno;6;6220;692
981;Coboe S.A.;Keratina;Bulevar Artigas  1825;NULL;Tres Cruces;1;Farmashop;-34,8938963;-56,1667214;Montevideo;Montevideo;1;1020;35
982;Coboe S.A.;Farmashop 145;Jose enrique rodo  3152;NULL;Interior;2;Farmashop;-34,1045297;-56,2225349;Florida;Florida;8;8220;165
983;Coboe S.A.;Farmashop 146;Independencia  764;NULL;Interior;2;Farmashop;-34,09671846;-56,21732739;Florida;Florida;8;8220;546
984;Coboe S.A.;Farmashop 147;Av. Artigas 1079;NULL;Interior;2;Farmashop;-34,0987974;-56,2280455;Florida;Florida;8;8220;133
985;Coboe S.A.;Farmashop 148;18 de Julio 220;NULL;Interior;2;Farmashop;-34,0979642;-56,2090195;Florida;Florida;8;8220;289
986;Coboe S.A.;Farmashop 149;Sarandi 3359;NULL;Interior;2;Farmashop;-34,0940608;-56,2179653;Florida;Florida;8;8220;50
987;Maguicar SAS;Felice Centro;Uruguay 1115;NULL;Interior;5;Sin Cadena;-31,3879043;-57,9609144;Salto;Salto;15;15120;600
990;Macromercado Mayorista S.A;Micromacro Piriapolis;Celedonio Rojas Salon 01 esq Rambla de los Argentinos 40;NULL;Interior;3;Micro Macro;-34,86188878;-55,28127842;Piriapolis;Maldonado;10;10523;NULL
991;Coboe S.A.;Haven Beautiful;Ellauri 350;NULL;Punta Carretas;3;Farmashop;-34,8583691;-56,1334242;Montevideo;Montevideo;1;1020;800
992;Coboe S.A.;Farmashop;8 de octubre 4714;NULL;Maroñas;2;Farmashop;-34,9240574;-56,159334;Montevideo;Montevideo;1;1020;162
993;Coboe S.A.;Farmashop 139;Ellauri 350;NULL;Punta Carretas;3;Farmashop;-34,9240574;-56,159334;Montevideo;Montevideo;1;1020;102
994;Polakof  y Cía.  S.A.;El Dorado Fray Bentos II;Espinillo y Coronilla 0;NULL;Interior;3;El Dorado;-33,19639152;-57,7735962;Fray Bentos;Río Negro;12;12320;248
995;Polakof  y Cía.  S.A.;El Dorado Minas y Constituyente;Minas y Constituyente 0;NULL;Cordón;4;El Dorado;-34,90618163;-56,17958697;Montevideo;Montevideo;1;1020;199
996;Polakof  y Cía.  S.A.;El ]Dorado Ecilda Paullier;Av. Gral. Artigas 1576 0;NULL;Interior;2;El Dorado;-34,3584591;-57,048148;Ecilda Paullier;San José;16;16929;265
997;Polakof  y Cía.  S.A.;El Dorado Nueva Helvecia;Frau Vogel, 70300 0;NULL;Interior;4;El Dorado;-34,286756;-57,229655;Nueva Helvecia;Colonia;5;5421;559
998;Polakof  y Cía.  S.A.;El Dorado Salto;Av.Barbieri esquina Luis Alb.de Herrera e Invernizzi 0;NULL;Interior;10;El Dorado;-31,38289842;-57,95865478;Salto;Salto;15;15120;1076
999;Polakof  y Cía.  S.A.;El Dorado San Ramón 1;Batlle y Ordoñez y Panela 0;NULL;Interior;2;El Dorado;-34,28753452;-55,95703862;San Ramón;Canelones;3;3422;167
1000;Polakof  y Cía.  S.A.;El Dorado San Ramón 2;Batlle y Ordoñez y Arapey 0;NULL;Interior;3;El Dorado;-34,2964677;-55,9571476;San Ramón;Canelones;3;3422;406
1001;Coboe S.A.;Farmashop 128;18 de Julio 1643;NULL;Interior;2;Farmashop;-33,1218322;-58,3053463;Fray Bentos;Río Negro;12;12320;37
1002;Coboe S.A.;Farmashop 134;Av. República Argentina 1680;NULL;Interior;2;Farmashop;-32,3192248;-58,0698664;Paysandú;Paysandú;11;11120;137
1003;Coboe S.A.;Farmashop 140;Leandro Gómez  521;NULL;Interior;2;Farmashop;-32,8125052;-56,5096522;Paso de los Toros;Tacuarembó;18;18321;52
1004;Coboe S.A.;Farmashop 142;San Martin  2443;NULL;Aguada;2;Farmashop;-34,8812668;-56,1865024;Montevideo;Montevideo;1;1020;100
1005;Coboe S.A.;Farmashop 143;Rondeau 2113;NULL;Centro;2;Farmashop;-34,891055;-56,1932337;Montevideo;Montevideo;1;1020;54
1006;Coboe S.A.;Farmashop 144;Lussich esq. Turmalina 0;NULL;Interior;2;Farmashop;-34,8906136;-54,9936717;Maldonado;Maldonado;10;10320;73
1007;Coboe S.A.;Farmashop 151;Manuel Albo 2750;NULL;La Blanqueada;2;Farmashop;-34,889997;-56,1596142;Montevideo;Montevideo;1;1020;53
1008;Coboe S.A.;Farmashop 152;Virrey Arredondo 1105;NULL;Interior;2;Farmashop;-32,5918784;-53,3816555;Río Branco;Cerro Largo;4;4522;150
1009;Coboe S.A.;Farmashop 153;Lussich esq. Firenze 0;NULL;Interior;2;Farmashop;-34,8965435;-54,9671888;Maldonado;Maldonado;10;10320;33
1010;Coboe S.A.;Farmashop 154;Av. Artigas esq. Florida 0;NULL;Interior;2;Farmashop;-34,6679636;-56,2210096;Progreso;Canelones;3;3421;61
1011;Coboe S.A.;BELA 15;Aparicio Saravia esq. Ituzaingó 0;NULL;Interior;2;Farmashop;-34,3680484;-55,2354467;Minas;Lavalleja;9;9220;153
1012;Coboe S.A.;BELA 16;Roosevelt esq. Camacho 0;NULL;Interior;2;Farmashop;-34,91589791;-54,96034478;Maldonado;Maldonado;10;10320;168
1013;Coboe S.A.;BELA 17;Agraciada 4159;NULL;Paso Molino;2;Farmashop;-34,8571743;-56,2193342;Montevideo;Montevideo;1;1020;156
1014;Coboe S.A.;BELA 18;Carlos Maria Ramirez  1651;NULL;Cerro;2;Farmashop;-34,8741212;-56,2504182;Montevideo;Montevideo;1;1020;122
1015;Coboe S.A.;BELA 19;Uruguay 1003;NULL;Interior;2;Farmashop;-31,3879469;-57,961187;Salto;Salto;15;15120;184
1019;Suc.de Jorge Estefan S.A.;Supermecado Estefan 2;Ines Duran 850;NULL;Interior;5;Sin Cadena;-33,5131146;-56,9034877;Trinidad;Flores;7;7320;100
1020;Suc.de Jorge Estefan S.A.;Supermecado Atlantic;Aparicio Saravia 1193;NULL;Interior;5;Sin Cadena;33,52747115;-56,89804108;Trinidad;Flores;7;7320;100
1022;Timana S.A.;Supermercado Giordano;25 de Agosto 871;NULL;Interior;7;Sin Cadena;-3,34E+15;-5,65E+16;Durazno;Durazno;6;6220;500
1023;Polakof  y Cía.  S.A.;El Dorado Mall del Lago;Av. Giannattasio Km 21.100, 0;NULL;Interior;6;El Dorado;-3,48E+15;-5,60E+15;Ciudad de la Costa;Canelones;3;3831;355
1024;Polakof  y Cía.  S.A.;El Dorado Paysandu Cerrito;Cerrito y 25 de mayo 0;NULL;Interior;9;El Dorado;-3,23E+15;-5,81E+15;Paysandú;Paysandú;11;11120;876
1025;Devoto Hnos SA;Devoto Solanas;Ruta 10 y el madroño - Padron  3710 - Manzana 70  70;NULL;Interior;11;Devoto;-3,49E+15;-5,51E+16;Solanas;Maldonado;10;10969;1218
1026;Valefyr S.A.;Nativo Florida;Heber Usher 1404 1;NULL;Interior;9;Red Expres;-3,41E+16;-5,62E+15;Florida;Florida;8;8220;1200
1027;Menestalle S.A.;Supermercado Compac Lomas de Solymar;Doreoteo Garcia Lagos  30332;NULL;Interior;4;Sin Cadena;-3,48E+16;-5,59E+15;Ciudad de la Costa;Canelones;3;3831;400
1028;DALTIRO S.A.;El Clon - Belloni Food;Av Belloni  3098;NULL;Piedras Blancas;3;El Clon;-3,48E+15;-5,61E+15;Montevideo ;Montevideo ;1;1020;187
1029;DALTIRO S.A.;El Clon - Plaza Italia;Av Italia 4250;NULL;Malvín;3;El Clon;-3,49E+16;-5,61E+16;Montevideo ;Montevideo ;1;1020;565
1030;DALTIRO S.A.;El Clon - Agraciada Food;Av Juan Artigas  4120;NULL;Paso Molino;3;El Clon;-348576993;-562178953;Montevideo ;Montevideo ;1;1020;200
1031;DALTIRO S.A.;El Clon - Malvín;Orinoco 5004 5004;NULL;Malvin;3;El Clon;-3,49E+15;-5,61E+15;Montevideo ;Montevideo ;1;1020;200
1032;DALTIRO S.A.;El Clon - Forteza Food;8 de Octubre 3920 3920;NULL;Unión;3;El Clon;-348734107;-5,61E+15;Montevideo ;Montevideo ;1;1020;159
1033;DALTIRO S.A.;El Clon - San Carlos;Treinta y Tres 739 739;NULL;San Carlos;3;El Clon;-3,48E+16;-5,49E+15;San Carlos;Maldonado;10;10321;400
1034;DALTIRO S.A.;El Clon - El Pinar;Av Costanera esq Republica de Mexico;NULL;Interior;3;El Clon;-3,48E+15;-5,59E+16;El Pinar;Canelones;3;3828;440
